id_cliente,genero,idoso,casado,possui_dependentes,tempo_como_cliente,servico_telefone,servico_internet,servico_seguranca,suporte_tecnico,streaming,tipo_contrato,metodo_pagamento,pagamento_mensal,total_pago,churn
7590-vhveg,female,False,True,True,1,True,dsl,True,no,True,month-to-month,electronic check,29.85,29.85,no
5575-gnvde,male,False,True,True,34,True,dsl,True,no,True,one year,mailed check,56.95,1889.5,no
3668-qpybk,male,False,True,True,2,True,dsl,True,no,True,month-to-month,mailed check,53.85,108.15,yes
7795-cfocw,male,False,True,True,45,True,dsl,True,yes,True,one year,bank transfer (automatic),71.45,1840.75,no
9237-hqitu,male,False,True,True,2,True,fiber optic,True,no,True,month-to-month,electronic check,71.45,151.65,yes
9763-grskd,male,False,True,True,13,True,dsl,True,no,True,month-to-month,mailed check,71.45,587.45,no
7469-lkbci,male,False,True,True,16,True,no,True,no internet service,True,two year,credit card (automatic),71.45,326.8,no
8091-ttvax,male,False,True,True,58,True,fiber optic,True,no,True,one year,credit card (automatic),71.45,5681.1,no
0280-xjgex,male,False,True,True,49,True,fiber optic,True,no,True,month-to-month,bank transfer (automatic),71.45,5036.3,yes
5129-jlpis,male,False,True,True,25,True,fiber optic,True,yes,True,month-to-month,electronic check,71.45,2686.05,no
3655-snqyz,male,False,True,True,69,True,fiber optic,True,yes,True,two year,credit card (automatic),71.45,7895.15,no
8191-xwszg,f,False,True,True,52,True,no,True,no internet service,True,one year,mailed check,71.45,1022.95,no
9959-wofkt,male,False,True,True,71,True,fiber optic,True,no,True,two year,bank transfer (automatic),71.45,7382.25,no
4190-mfluw,f,False,True,True,10,True,dsl,True,yes,True,month-to-month,credit card (automatic),71.45,528.35,yes
4183-myfrb,f,False,True,True,21,True,fiber optic,True,no,True,month-to-month,electronic check,71.45,1862.9,no
8779-qrdmv,male,True,True,True,1,True,dsl,True,no,True,month-to-month,electronic check,71.45,39.65,yes
1680-vdcww,male,False,True,True,12,True,no,True,no internet service,True,one year,bank transfer (automatic),71.45,202.25,no
1066-jksgk,male,False,True,True,1,True,no,True,no internet service,True,month-to-month,mailed check,71.45,20.15,yes
3638-weabw,female,False,True,True,58,True,dsl,True,yes,True,two year,credit card (automatic),71.45,3505.1,no
6322-hrpfa,male,False,True,True,49,True,dsl,True,yes,True,month-to-month,credit card (automatic),71.45,2970.3,no
6865-jznko,female,False,True,True,30,True,dsl,True,no,True,month-to-month,bank transfer (automatic),71.45,1530.6,no
6467-chfzw,m,False,True,True,47,True,fiber optic,True,no,True,month-to-month,electronic check,71.45,4749.15,yes
8665-utdhz,m,False,True,True,1,True,dsl,True,no,True,month-to-month,electronic check,71.45,30.2,yes
5248-ygijn,m,False,True,True,72,True,dsl,True,yes,True,two year,credit card (automatic),71.45,6369.45,no
8773-hhuoz,female,False,True,True,17,True,dsl,True,no,True,month-to-month,mailed check,71.45,1093.1,yes
3841-nfecx,female,True,True,True,71,True,fiber optic,True,yes,True,two year,credit card (automatic),71.45,6766.95,no
4929-xihvw,male,True,True,True,2,True,fiber optic,True,no,True,month-to-month,credit card (automatic),71.45,181.65,no
6827-ieauq,female,False,True,True,27,True,dsl,True,yes,True,one year,mailed check,71.45,1874.45,no
7310-egvhz,male,False,True,True,1,True,no,True,no internet service,True,month-to-month,bank transfer (automatic),71.45,20.2,no
3413-bmnze,male,True,True,True,1,True,dsl,True,no,True,month-to-month,bank transfer (automatic),71.45,45.25,no
6234-raapl,female,False,True,True,72,True,fiber optic,True,yes,True,two year,bank transfer (automatic),71.45,7251.7,no
6047-yhpvi,male,False,True,True,5,True,fiber optic,True,no,True,month-to-month,electronic check,71.45,316.9,yes
6572-adkrs,female,False,True,True,46,True,fiber optic,True,no,True,month-to-month,credit card (automatic),71.45,3548.3,no
5380-wjkov,male,False,True,True,34,True,fiber optic,True,no,True,month-to-month,electronic check,71.45,3549.25,yes
8168-uqwwf,female,False,True,True,11,True,fiber optic,True,no,True,month-to-month,bank transfer (automatic),71.45,1105.4,yes
8865-tnmnx,male,False,True,True,10,True,dsl,True,no,True,one year,mailed check,71.45,475.7,no
9489-dedvp,female,False,True,True,70,True,dsl,True,no,True,two year,credit card (automatic),71.45,4872.35,no
9867-jczsp,female,False,True,True,17,True,no,True,no internet service,True,one year,mailed check,71.45,418.25,no
4671-vjlcl,female,False,True,True,63,True,dsl,True,yes,True,two year,credit card (automatic),71.45,4861.45,no
4080-iiard,female,False,True,True,13,True,dsl,True,yes,True,month-to-month,electronic check,71.45,981.45,no
3714-ntnfo,female,False,True,True,49,True,fiber optic,True,no,True,month-to-month,electronic check,71.45,3906.7,no
5948-ujzlf,m,False,True,True,2,True,dsl,True,no,True,month-to-month,mailed check,71.45,97.0,no
7760-oypdy,f,False,True,True,2,True,fiber optic,True,no,True,month-to-month,electronic check,71.45,144.15,yes
7639-liayi,male,False,True,True,52,True,dsl,True,yes,True,two year,credit card (automatic),71.45,4217.8,no
2954-pibko,female,False,True,True,69,True,dsl,True,yes,True,two year,credit card (automatic),71.45,4254.1,no
8012-soudq,female,True,True,True,43,True,fiber optic,True,no,True,month-to-month,electronic check,71.45,3838.75,no
9420-lojkx,female,False,True,True,15,True,fiber optic,True,no,True,month-to-month,credit card (automatic),71.45,1426.4,yes
6575-suvoi,female,True,True,True,25,True,dsl,True,yes,True,month-to-month,credit card (automatic),71.45,1752.65,no
7495-ookfy,female,True,True,True,8,True,fiber optic,True,no,True,month-to-month,credit card (automatic),71.45,633.3,yes
4667-qonea,female,True,True,True,60,True,dsl,True,yes,True,one year,credit card (automatic),71.45,4456.35,no
1658-bygoy,male,True,True,True,18,True,fiber optic,True,no,True,month-to-month,electronic check,71.45,1752.55,yes
8769-kktph,f,False,True,True,63,True,fiber optic,True,no,True,one year,credit card (automatic),71.45,6311.2,no
5067-xjqfu,male,True,True,True,66,True,fiber optic,True,yes,True,one year,electronic check,71.45,7076.35,no
3957-sqxml,female,False,True,True,34,True,no,True,no internet service,True,two year,credit card (automatic),71.45,894.3,no
5954-bdfsg,female,False,True,True,72,True,fiber optic,True,yes,True,two year,credit card (automatic),71.45,7853.7,no
0434-csfon,female,False,True,True,47,True,fiber optic,True,no,True,month-to-month,electronic check,71.45,4707.1,no
1215-figmp,male,False,True,True,60,True,fiber optic,True,no,True,month-to-month,bank transfer (automatic),71.45,5450.7,no
0526-sxdjp,male,False,True,True,72,True,dsl,True,no,True,two year,bank transfer (automatic),71.45,2962.0,no
0557-askvu,female,False,True,True,18,True,dsl,True,yes,True,one year,credit card (automatic),71.45,957.1,no
5698-bqjoh,female,False,True,True,9,True,fiber optic,True,no,True,month-to-month,electronic check,71.45,857.25,yes
5122-cyfxa,female,False,True,True,3,True,dsl,True,yes,True,month-to-month,electronic check,71.45,244.1,no
8627-zygsz,male,False,True,True,47,True,fiber optic,True,no,True,one year,electronic check,71.45,3650.35,no
3410-yoqbq,female,False,True,True,31,True,dsl,True,yes,True,two year,mailed check,71.45,2497.2,no
3170-nmyvv,female,False,True,True,50,True,no,True,no internet service,True,two year,bank transfer (automatic),71.45,930.9,no
7410-oiedu,male,False,True,True,10,True,fiber optic,True,no,True,month-to-month,mailed check,71.45,887.35,no
2273-qckxa,male,False,True,True,1,True,dsl,True,yes,True,month-to-month,mailed check,71.45,49.05,no
0731-ebjqb,female,False,True,True,52,True,no,True,no internet service,True,one year,electronic check,71.45,1090.65,no
1891-qrqsa,male,True,True,True,64,True,fiber optic,True,yes,True,two year,bank transfer (automatic),71.45,7099.0,no
8028-pnxhq,male,False,True,True,62,True,no,True,no internet service,True,two year,bank transfer (automatic),71.45,1424.6,no
5630-ahzil,female,False,True,True,3,True,dsl,True,yes,True,month-to-month,bank transfer (automatic),71.45,177.4,no
2673-cxqeu,female,True,True,True,56,True,fiber optic,True,no,True,one year,electronic check,71.45,6139.5,no
6416-jnvrk,female,False,True,True,46,True,dsl,True,no,True,one year,credit card (automatic),71.45,2688.85,no
5590-zskrv,female,False,True,True,8,True,dsl,True,no,True,month-to-month,mailed check,71.45,482.25,no
0191-zhskz,male,True,True,True,30,True,dsl,True,no,True,month-to-month,electronic check,71.45,2111.3,no
3887-pbqao,female,False,True,True,45,True,no,True,no internet service,True,one year,credit card (automatic),71.45,1216.6,no
5919-tmrgd,f,False,True,True,1,True,fiber optic,True,no,True,month-to-month,electronic check,71.45,79.35,yes
8108-uxrqn,female,False,True,True,11,True,dsl,True,no,True,month-to-month,electronic check,71.45,565.35,no
9191-myqkx,female,False,True,True,7,True,fiber optic,True,no,True,month-to-month,bank transfer (automatic),71.45,496.9,yes
9919-ylnng,female,False,True,True,42,True,fiber optic,True,yes,True,month-to-month,bank transfer (automatic),71.45,4327.5,no
0318-zopws,female,False,True,True,49,True,no,True,no internet service,True,two year,bank transfer (automatic),71.45,973.35,no
4445-zjnmu,male,False,True,True,9,True,fiber optic,True,no,True,month-to-month,credit card (automatic),71.45,918.75,no
4808-ynleu,female,False,True,True,35,True,dsl,True,no,True,one year,bank transfer (automatic),71.45,2215.45,no
1862-qrwpe,female,False,True,True,48,True,no,True,no internet service,True,two year,bank transfer (automatic),71.45,1057.0,no
2796-nnufi,female,False,True,True,46,True,no,True,no internet service,True,two year,mailed check,71.45,927.1,no
3016-ksvcp,male,False,True,True,29,True,dsl,True,no,True,month-to-month,mailed check,71.45,1009.25,no
4767-hzzhq,male,False,True,True,30,True,fiber optic,True,no,True,month-to-month,bank transfer (automatic),71.45,2570.2,no
2424-wvhpl,male,True,True,True,1,True,fiber optic,True,yes,True,month-to-month,electronic check,71.45,74.7,no
7233-pahhl,male,False,True,True,66,True,dsl,True,yes,True,two year,mailed check,71.45,5714.25,no
6067-ngceu,female,False,True,True,65,True,fiber optic,True,no,True,month-to-month,credit card (automatic),71.45,7107.0,no
9848-jqjtx,male,False,True,True,72,True,fiber optic,True,no,True,two year,bank transfer (automatic),71.45,7459.05,no
8637-xjivr,female,False,True,True,12,True,fiber optic,True,no,True,month-to-month,electronic check,71.45,927.35,yes
9803-ftjcg,male,False,True,True,71,True,dsl,True,yes,True,one year,credit card (automatic),71.45,4748.7,no
0278-yxoog,male,False,True,True,5,True,no,True,no internet service,True,month-to-month,mailed check,71.45,113.85,yes
3212-kxocr,male,False,True,True,52,True,no,True,no internet service,True,two year,bank transfer (automatic),71.45,1107.2,no
4598-xlknj,female,True,True,True,25,True,fiber optic,True,no,True,month-to-month,electronic check,71.45,2514.5,yes
6380-arceh,male,False,True,True,1,True,no,True,no internet service,True,month-to-month,mailed check,71.45,20.2,no
3679-xaspy,female,False,True,True,1,True,no,True,no internet service,True,month-to-month,electronic check,71.45,19.45,no
7123-wquhx,male,False,True,True,38,True,fiber optic,True,yes,True,one year,bank transfer (automatic),71.45,3605.6,no
5386-thslq,female,True,True,True,66,True,dsl,True,no,True,one year,bank transfer (automatic),71.45,3027.25,no
3192-nqeca,male,False,True,True,68,True,fiber optic,True,yes,True,two year,bank transfer (automatic),71.45,7611.85,yes
6180-ybiqi,male,False,True,True,5,True,dsl,True,no,True,month-to-month,mailed check,71.45,100.2,no
6728-dkuco,f,False,True,True,72,True,fiber optic,True,no,True,one year,electronic check,71.45,7303.05,no
9750-boohv,female,False,True,True,32,True,dsl,True,no,True,one year,mailed check,71.45,927.65,no
8597-cwyhh,male,False,True,True,43,True,fiber optic,True,no,True,one year,mailed check,71.45,3921.3,no
2848-yxsmw,male,False,True,True,72,True,no,True,no internet service,True,two year,credit card (automatic),71.45,1363.25,no
0486-heczi,male,False,True,True,55,True,fiber optic,True,no,True,month-to-month,electronic check,71.45,5238.9,yes
4549-zdqyy,female,False,True,True,52,True,dsl,True,yes,True,one year,credit card (automatic),71.45,3042.25,no
5712-ahqnn,female,False,True,True,43,True,fiber optic,True,no,True,month-to-month,electronic check,71.45,3954.1,no
4846-whafz,female,True,True,True,37,True,fiber optic,True,no,True,month-to-month,electronic check,71.45,2868.15,yes
5256-skjgo,female,False,True,True,64,True,dsl,True,yes,True,two year,electronic check,71.45,3423.5,no
3071-vbypo,male,False,True,True,3,True,fiber optic,True,no,True,month-to-month,electronic check,71.45,248.4,no
9560-bbzxk,female,False,True,True,36,True,dsl,True,no,True,two year,bank transfer (automatic),71.45,1126.35,no
5299-ruloa,female,False,True,True,10,True,fiber optic,True,no,True,month-to-month,electronic check,71.45,1064.65,yes
8402-ooohj,female,False,True,True,41,True,no,True,no internet service,True,two year,mailed check,71.45,835.15,no
9445-zueqe,male,False,True,True,27,True,fiber optic,True,yes,True,month-to-month,credit card (automatic),71.45,2151.6,no
1091-sozga,female,False,True,True,56,True,fiber optic,True,no,True,one year,credit card (automatic),71.45,5515.45,no
2928-hldba,female,False,True,True,6,True,no,True,no internet service,True,month-to-month,mailed check,71.45,112.75,no
0404-swrvg,male,False,True,True,3,True,fiber optic,True,no,True,month-to-month,electronic check,71.45,229.55,yes
6497-tilvl,female,False,True,True,7,True,dsl,True,no,True,month-to-month,mailed check,71.45,350.35,no
7219-tlzho,female,False,True,True,4,True,no,True,no internet service,True,month-to-month,mailed check,71.45,62.9,no
4622-ynkij,male,False,True,True,33,True,fiber optic,True,yes,True,two year,electronic check,71.45,3027.65,no
4412-yltkf,female,True,True,True,27,True,fiber optic,True,no,True,month-to-month,electronic check,71.45,2135.5,yes
6734-psbaw,male,False,True,True,72,True,no,True,no internet service,True,two year,bank transfer (automatic),71.45,1723.95,no
3930-zgwve,male,False,True,True,1,True,no,True,no internet service,True,month-to-month,mailed check,71.45,19.75,no
2639-ugmaz,male,True,True,True,71,True,dsl,True,no,True,one year,electronic check,71.45,3985.35,no
2876-gzyzc,female,False,True,True,13,True,fiber optic,True,no,True,month-to-month,electronic check,71.45,1215.65,no
6207-wiolx,female,False,True,True,25,True,dsl,True,no,True,month-to-month,credit card (automatic),71.45,1502.65,yes
8587-xyzsf,male,False,True,True,67,True,dsl,True,yes,True,two year,bank transfer (automatic),71.45,3260.1,no
3091-fyhki,male,False,True,True,1,True,dsl,True,no,True,month-to-month,electronic check,71.45,35.45,yes
2372-hwuhi,male,False,True,True,2,True,dsl,True,no,True,month-to-month,electronic check,71.45,81.25,yes
7799-lgrdp,female,False,True,True,43,True,no,True,no internet service,True,two year,credit card (automatic),71.45,1188.2,no
7850-vwjuu,female,False,True,True,23,True,fiber optic,True,no,True,month-to-month,bank transfer (automatic),71.45,1778.5,no
3774-vbnxy,female,False,True,True,64,True,no,True,no internet service,True,two year,mailed check,71.45,1277.75,no
6217-kdywc,male,False,True,True,57,True,no,True,no internet service,True,two year,mailed check,71.45,1170.55,no
0390-dcfdq,female,True,True,True,1,True,fiber optic,True,no,True,month-to-month,mailed check,71.45,70.45,yes
3146-msegf,female,True,True,True,72,True,dsl,True,yes,True,two year,credit card (automatic),71.45,6425.65,no
4080-ogpjl,female,False,True,True,8,True,dsl,True,yes,True,month-to-month,electronic check,71.45,563.65,yes
1095-wgngg,female,False,True,True,61,True,fiber optic,True,no,True,two year,bank transfer (automatic),71.45,5971.25,no
2636-sjdou,male,False,True,True,64,True,fiber optic,True,no,True,one year,credit card (automatic),71.45,5289.05,no
1131-qqzeb,male,True,True,True,71,True,no,True,no internet service,True,two year,bank transfer (automatic),71.45,1756.2,no
5716-ezxzn,female,False,True,True,65,True,fiber optic,True,yes,True,two year,credit card (automatic),71.45,6416.7,no
6837-bjydq,male,False,True,True,3,True,no,True,no internet service,True,one year,mailed check,71.45,61.35,no
2135-rxihg,male,False,True,True,1,True,dsl,True,no,True,month-to-month,electronic check,71.45,45.65,yes
6440-dkqge,male,False,True,True,30,True,dsl,True,no,True,one year,credit card (automatic),71.45,1929.95,no
3466-byavd,male,False,True,True,15,True,dsl,True,yes,True,month-to-month,mailed check,71.45,1071.4,no
3780-yvmfa,female,False,True,True,8,True,dsl,True,yes,True,month-to-month,electronic check,71.45,564.35,no
3874-eqoep,male,False,True,True,7,True,fiber optic,True,no,True,month-to-month,mailed check,71.45,655.5,yes
1679-jrfbr,female,False,True,True,70,True,fiber optic,True,no,True,one year,credit card (automatic),71.45,7930.55,no
9073-zziay,male,False,True,True,62,True,dsl,True,yes,True,two year,electronic check,71.45,5215.25,no
3077-rsntj,female,False,True,True,6,True,no,True,no internet service,True,month-to-month,mailed check,71.45,113.5,no
6551-gnydg,female,False,True,True,14,True,fiber optic,True,no,True,month-to-month,bank transfer (automatic),71.45,1152.8,no
9167-apmxz,female,False,True,True,22,True,fiber optic,True,no,True,month-to-month,bank transfer (automatic),71.45,1821.95,no
2749-ctkaj,male,False,True,True,22,True,no,True,no internet service,True,one year,mailed check,71.45,419.9,no
6371-nzyeg,male,False,True,True,16,True,dsl,True,no,True,two year,mailed check,71.45,1024.0,no
7554-newdd,male,False,True,True,10,True,no,True,no internet service,True,two year,bank transfer (automatic),71.45,251.6,no
8992-vonjd,female,False,True,True,13,True,dsl,True,no,True,month-to-month,electronic check,71.45,764.55,no
0867-mkzvy,female,False,True,True,20,True,fiber optic,True,no,True,month-to-month,electronic check,71.45,1592.35,yes
4482-ewfmi,female,False,True,True,2,True,fiber optic,True,no,True,month-to-month,electronic check,71.45,135.2,no
4648-ypbtm,male,False,True,True,53,True,dsl,True,yes,True,two year,bank transfer (automatic),71.45,3958.25,no
2907-iljbn,female,False,True,True,11,True,no,True,no internet service,True,one year,mailed check,71.45,233.9,no
6345-fzoqh,male,False,True,True,69,True,no,True,no internet service,True,two year,mailed check,71.45,1363.45,no
3376-bmgfe,female,False,True,True,4,True,fiber optic,True,no,True,month-to-month,bank transfer (automatic),71.45,273.0,yes
5997-opvfa,male,False,True,True,72,True,dsl,True,yes,True,two year,bank transfer (automatic),71.45,6254.45,no
3445-hxxgf,male,True,True,True,58,True,dsl,True,no,True,month-to-month,electronic check,71.45,2651.2,yes
1159-wfsgr,female,False,True,True,16,True,no,True,no internet service,True,month-to-month,electronic check,71.45,321.4,no
7654-ywjuf,male,False,True,True,43,True,fiber optic,True,yes,True,one year,bank transfer (automatic),71.45,3539.25,no
1875-qivme,female,False,True,True,2,True,fiber optic,True,yes,True,month-to-month,electronic check,71.45,242.8,yes
6727-iotlz,male,False,True,True,14,True,dsl,True,yes,True,two year,mailed check,71.45,1181.75,no
0691-jvsya,female,False,True,True,53,True,fiber optic,True,no,True,one year,bank transfer (automatic),71.45,5000.2,yes
5918-vukwp,female,False,True,True,32,True,no,True,no internet service,True,one year,bank transfer (automatic),71.45,654.55,no
1744-jhkys,female,False,True,True,34,True,no,True,no internet service,True,month-to-month,electronic check,71.45,780.2,no
2656-fmokz,female,True,True,True,15,True,fiber optic,True,no,True,month-to-month,mailed check,71.45,1145.7,yes
2070-fnexe,female,True,True,True,7,True,fiber optic,True,no,True,month-to-month,bank transfer (automatic),71.45,503.6,yes
5947-sgkcl,female,False,True,True,15,True,fiber optic,True,no,True,month-to-month,bank transfer (automatic),71.45,1559.25,no
3712-pkxza,male,False,True,True,61,True,no,True,no internet service,True,one year,credit card (automatic),71.45,1252.0,no
6317-ypkdh,female,False,True,True,1,True,dsl,True,no,True,month-to-month,bank transfer (automatic),71.45,29.95,yes
6582-oivsp,female,False,True,True,1,True,dsl,True,no,True,month-to-month,mailed check,71.45,45.3,no
9367-wxlch,male,False,True,True,8,True,fiber optic,True,no,True,month-to-month,bank transfer (automatic),71.45,662.65,yes
5524-khnjp,male,False,True,True,33,True,dsl,True,no,True,one year,credit card (automatic),71.45,2453.3,no
1918-zbfqj,female,False,True,True,13,True,fiber optic,True,no,True,month-to-month,electronic check,71.45,1111.65,yes
1024-guald,female,False,True,True,1,True,dsl,True,no,True,month-to-month,electronic check,71.45,24.8,yes
4827-usjhp,male,False,True,True,20,True,dsl,True,no,True,month-to-month,mailed check,71.45,1023.85,no
8167-gjlrn,male,False,True,True,3,True,dsl,True,yes,True,month-to-month,electronic check,71.45,82.15,no
0956-sycwg,female,False,True,True,13,True,no,True,no internet service,True,one year,electronic check,71.45,244.8,no
8017-uvszu,female,False,True,True,40,True,dsl,True,no,True,month-to-month,credit card (automatic),71.45,2379.1,no
7100-fqprv,male,False,True,True,43,True,dsl,True,yes,True,one year,credit card (automatic),71.45,3173.35,no
2472-ovkup,male,False,True,True,6,True,fiber optic,True,no,True,month-to-month,electronic check,71.45,531.0,yes
2984-rgeya,female,False,True,True,69,True,no,True,no internet service,True,two year,bank transfer (automatic),71.45,1375.4,no
9680-niauv,female,False,True,True,72,True,fiber optic,True,no,True,two year,credit card (automatic),71.45,8129.3,no
2146-egvdt,male,False,True,True,59,True,no,True,no internet service,True,two year,credit card (automatic),71.45,1192.7,no
2604-ijpdu,female,False,True,True,20,True,fiber optic,True,yes,True,month-to-month,electronic check,71.45,1901.65,no
9178-jhuvj,male,False,True,True,24,True,no,True,no internet service,True,two year,bank transfer (automatic),71.45,587.4,no
6168-ybynp,male,False,True,True,59,True,fiber optic,True,yes,True,month-to-month,electronic check,71.45,6519.75,no
7255-ssfbc,male,False,True,True,72,True,fiber optic,True,yes,True,two year,bank transfer (automatic),71.45,8041.65,no
3645-deygf,male,False,True,True,1,True,no,True,no internet service,True,month-to-month,mailed check,71.45,20.75,no
9323-hgfwy,female,False,True,True,27,True,fiber optic,True,yes,True,one year,credit card (automatic),71.45,2681.15,no
8544-goqsh,female,False,True,True,14,True,fiber optic,True,yes,True,month-to-month,credit card (automatic),71.45,1112.3,no
3363-dtivd,male,False,True,True,71,True,fiber optic,True,no,True,two year,electronic check,71.45,7405.5,no
7018-wbjnk,male,False,True,True,13,True,fiber optic,True,no,True,month-to-month,credit card (automatic),71.45,1033.95,no
9142-kzxop,male,False,True,True,44,True,fiber optic,True,no,True,month-to-month,credit card (automatic),71.45,2958.95,no
7674-ytafd,female,False,True,True,33,True,fiber optic,True,yes,True,one year,bank transfer (automatic),71.45,2684.85,no
6348-snfus,male,False,True,True,72,True,dsl,True,yes,True,two year,credit card (automatic),71.45,4179.2,no
1285-okipp,male,False,True,True,1,True,fiber optic,True,no,True,month-to-month,electronic check,71.45,79.9,yes
7825-ecjrf,female,False,True,True,19,True,fiber optic,True,yes,True,month-to-month,electronic check,71.45,1934.45,yes
1347-kttta,male,False,True,True,64,True,fiber optic,True,yes,True,one year,credit card (automatic),71.45,6654.1,no
7841-tzdmq,male,False,True,True,2,True,dsl,True,no,True,month-to-month,credit card (automatic),71.45,84.5,yes
4195-nzgta,female,False,True,True,1,True,dsl,True,no,True,month-to-month,electronic check,71.45,25.25,no
7157-smcfk,male,False,True,True,61,True,no,True,no internet service,True,two year,mailed check,71.45,1124.2,no
4709-lkhyg,female,False,True,True,29,True,no,True,no internet service,True,one year,electronic check,71.45,540.05,no
2504-dshih,male,True,True,True,23,True,fiber optic,True,no,True,month-to-month,electronic check,71.45,1975.85,no
0699-ndkjm,female,False,True,True,57,True,dsl,True,no,True,month-to-month,bank transfer (automatic),71.45,3437.45,no
9286-bhdqg,male,False,True,True,72,True,dsl,True,yes,True,two year,credit card (automatic),71.45,3139.8,no
0230-wequw,male,False,True,True,66,True,dsl,True,yes,True,two year,bank transfer (automatic),71.45,3789.2,no
2040-ldiwq,male,False,True,True,65,True,dsl,True,yes,True,two year,bank transfer (automatic),71.45,5324.5,no
6496-jdssb,female,False,True,True,8,True,fiber optic,True,no,True,month-to-month,bank transfer (automatic),71.45,624.6,no
9408-ssnvz,female,False,True,True,4,True,fiber optic,True,no,True,month-to-month,electronic check,71.45,268.35,yes
4443-embna,female,False,True,True,71,True,no,True,no internet service,True,two year,bank transfer (automatic),71.45,1836.9,no
6469-mrvet,male,False,True,True,1,True,no,True,no internet service,True,one year,electronic check,71.45,20.2,no
0742-moabm,male,False,True,True,4,True,dsl,True,yes,True,month-to-month,mailed check,71.45,179.35,yes
5961-vusrv,female,False,True,True,12,True,no,True,no internet service,True,one year,bank transfer (automatic),71.45,219.35,no
6778-jfcmk,male,False,True,True,24,True,dsl,True,no,True,one year,mailed check,71.45,1288.75,no
6341-jvqgf,female,False,True,True,31,True,dsl,True,yes,True,one year,mailed check,71.45,2545.75,no
2232-dmlxu,female,False,True,True,1,True,dsl,True,no,True,month-to-month,mailed check,71.45,55.2,yes
4811-jbuvu,male,False,True,True,30,True,fiber optic,True,yes,True,month-to-month,credit card (automatic),71.45,2723.15,no
0945-tsonx,female,False,True,True,47,True,dsl,True,yes,True,two year,credit card (automatic),71.45,4107.25,no
2651-zcbxv,male,False,True,True,54,True,fiber optic,True,yes,True,two year,credit card (automatic),71.45,5760.65,no
3316-uwxuy,male,False,True,True,50,True,fiber optic,True,yes,True,month-to-month,credit card (automatic),71.45,4747.5,no
8937-rdthp,male,False,True,True,1,True,fiber optic,True,no,True,month-to-month,mailed check,71.45,84.6,yes
7083-miopc,female,False,True,True,72,True,no,True,no internet service,True,two year,credit card (automatic),71.45,1566.9,no
1984-gpteh,female,False,True,True,29,True,no,True,no internet service,True,month-to-month,electronic check,71.45,702.0,no
1251-krreg,male,False,True,True,2,True,dsl,True,no,True,month-to-month,mailed check,71.45,114.1,yes
0621-jfhol,female,False,True,True,10,True,dsl,True,yes,True,two year,mailed check,71.45,299.05,no
9903-lysab,male,False,True,True,18,True,fiber optic,True,no,True,month-to-month,electronic check,71.45,1305.95,no
0094-oifmo,female,True,True,True,11,True,fiber optic,True,no,True,month-to-month,electronic check,71.45,1120.3,yes
9227-uaqft,male,False,True,True,16,True,no,True,no internet service,True,two year,mailed check,71.45,284.35,no
7301-abvad,female,False,True,True,72,True,dsl,True,yes,True,two year,bank transfer (automatic),71.45,6350.5,no
6614-fhdbo,male,False,True,True,72,True,fiber optic,True,yes,True,two year,bank transfer (automatic),71.45,7878.3,no
7576-aseju,female,False,True,True,41,True,dsl,True,yes,True,one year,credit card (automatic),71.45,3187.65,no
9058-hrzsv,female,True,True,True,65,True,fiber optic,True,no,True,month-to-month,electronic check,71.45,6126.15,no
4522-akylr,female,True,True,True,13,True,dsl,True,no,True,month-to-month,electronic check,71.45,731.3,no
0221-wmxnq,male,True,True,True,4,True,fiber optic,True,no,True,month-to-month,electronic check,71.45,273.4,no
0303-uncip,male,False,True,True,41,True,dsl,True,no,True,one year,mailed check,71.45,2531.8,no
9947-otfqu,male,True,True,True,15,True,fiber optic,True,no,True,month-to-month,electronic check,71.45,1074.3,yes
0322-yinqp,male,False,True,True,1,True,dsl,True,no,True,month-to-month,mailed check,71.45,48.55,yes
0959-whokv,male,False,True,True,42,True,fiber optic,True,no,True,one year,electronic check,71.45,4298.45,no
4075-jfpgr,female,False,True,True,51,True,fiber optic,True,no,True,one year,electronic check,71.45,4619.55,no
4629-nrxkx,female,False,True,True,2,True,fiber optic,True,no,True,month-to-month,electronic check,71.45,147.15,yes
9514-jdski,male,True,True,True,1,True,dsl,True,no,True,month-to-month,electronic check,71.45,40.2,yes
3282-ziszv,male,False,True,True,32,True,dsl,True,yes,True,one year,credit card (automatic),71.45,2633.3,no
3675-ydupj,male,False,True,True,10,True,no,True,no internet service,True,month-to-month,mailed check,71.45,193.05,no
4111-bnxif,female,False,True,True,67,True,dsl,True,yes,True,two year,electronic check,71.45,4103.9,no
7017-vfhay,female,False,True,True,61,True,fiber optic,True,yes,True,two year,credit card (automatic),71.45,7008.15,no
6655-lhbyw,male,False,True,True,50,True,fiber optic,True,yes,True,one year,credit card (automatic),71.45,5791.1,no
4959-josrx,female,False,True,True,2,True,dsl,True,no,True,month-to-month,credit card (automatic),71.45,80.55,yes
5046-nuhwd,female,True,True,True,29,True,dsl,True,no,True,month-to-month,electronic check,71.45,1228.65,no
7273-tefqd,male,True,True,True,3,True,dsl,True,no,True,month-to-month,electronic check,71.45,132.2,yes
3606-twkgi,male,True,True,True,13,True,fiber optic,True,no,True,month-to-month,electronic check,71.45,1364.3,yes
7529-zdfxi,male,True,True,True,57,True,fiber optic,True,no,True,month-to-month,electronic check,71.45,4925.35,no
7605-bdwdc,female,False,True,True,31,True,dsl,True,yes,True,two year,bank transfer (automatic),71.45,1520.1,no
1950-ksvvj,female,False,True,True,45,True,fiber optic,True,yes,True,one year,mailed check,71.45,5032.25,no
0123-crbrt,female,False,True,True,61,True,dsl,True,yes,True,two year,mailed check,71.45,5526.75,no
6292-tosss,male,False,True,True,50,True,no,True,no internet service,True,two year,bank transfer (automatic),71.45,1195.25,no
3197-arfoy,female,True,True,True,19,True,fiber optic,True,yes,True,month-to-month,mailed check,71.45,2007.25,no
6323-aybrx,male,False,True,True,59,True,no,True,no internet service,True,two year,mailed check,71.45,1099.6,yes
7014-zzxaw,female,False,True,True,71,True,no,True,no internet service,True,two year,credit card (automatic),71.45,1732.95,no
4385-gzqxv,female,True,True,True,16,True,fiber optic,True,yes,True,month-to-month,electronic check,71.45,1511.2,yes
7633-mvpuy,male,False,True,True,57,True,dsl,True,yes,True,two year,electronic check,71.45,3450.15,no
6366-zgqgl,male,False,True,True,1,True,dsl,True,no,True,month-to-month,bank transfer (automatic),71.45,24.8,yes
4716-hhkqh,male,True,True,True,20,True,fiber optic,True,yes,True,month-to-month,electronic check,71.45,2172.05,no
5940-ahuhd,male,False,True,True,1,True,fiber optic,True,no,True,month-to-month,mailed check,71.45,70.6,yes
6432-twqlb,male,False,True,True,5,True,fiber optic,True,yes,True,month-to-month,electronic check,71.45,401.1,yes
4484-glzou,female,False,True,True,52,True,fiber optic,True,no,True,month-to-month,electronic check,71.45,5624.85,yes
3179-gbrwv,male,True,True,True,21,True,dsl,True,no,True,month-to-month,bank transfer (automatic),71.45,1339.8,no
8645-kwhjo,male,False,True,True,14,True,dsl,True,yes,True,month-to-month,electronic check,71.45,771.95,no
4130-mzlcc,female,False,True,True,5,True,dsl,True,no,True,month-to-month,bank transfer (automatic),71.45,244.75,no
0314-tkosi,female,False,True,True,6,True,dsl,True,no,True,month-to-month,mailed check,71.45,322.9,no
8229-myejz,female,False,True,True,10,True,dsl,True,no,True,month-to-month,electronic check,71.45,498.25,no
2080-srcde,female,False,True,True,1,True,no,True,no internet service,True,month-to-month,mailed check,71.45,25.4,no
9577-wjvcq,female,False,True,True,68,True,dsl,True,no,True,month-to-month,mailed check,71.45,3687.75,no
9512-uibfx,male,False,True,True,18,True,fiber optic,True,no,True,month-to-month,mailed check,71.45,1779.95,yes
6202-dyyfx,female,False,True,True,22,True,fiber optic,True,no,True,one year,credit card (automatic),71.45,1783.6,no
3808-hfkde,female,False,True,True,20,True,dsl,True,no,True,month-to-month,electronic check,71.45,927.15,no
5583-sxdag,male,False,True,True,1,True,fiber optic,True,no,True,month-to-month,electronic check,71.45,70.0,yes
3488-pgmqj,male,True,True,True,8,True,fiber optic,True,no,True,month-to-month,electronic check,71.45,606.55,yes
3580-reoac,male,False,True,True,10,True,dsl,True,no,True,month-to-month,credit card (automatic),71.45,435.4,yes
7534-bfesc,male,True,True,True,24,True,fiber optic,True,no,True,month-to-month,electronic check,71.45,1712.7,yes
3727-owvyd,male,False,True,True,35,True,dsl,True,no,True,one year,mailed check,71.45,2021.2,no
2294-salne,male,False,True,True,23,True,fiber optic,True,yes,True,one year,mailed check,71.45,1940.8,no
4847-tajyi,female,True,True,True,6,True,fiber optic,True,no,True,month-to-month,electronic check,71.45,567.8,no
1563-iwqex,female,False,True,True,12,True,no,True,no internet service,True,month-to-month,mailed check,71.45,220.35,no
8203-xjzrc,male,False,True,True,1,True,no,True,no internet service,True,month-to-month,mailed check,71.45,20.25,no
6556-dbkzf,female,False,True,True,71,True,fiber optic,True,no,True,two year,electronic check,71.45,5436.45,no
6851-wefyx,male,True,True,True,35,True,fiber optic,True,no,True,month-to-month,electronic check,71.45,3437.5,no
2985-juubz,male,False,True,True,40,True,dsl,True,no,True,month-to-month,electronic check,71.45,3015.75,no
6390-dsazx,female,False,True,True,1,True,fiber optic,True,no,True,month-to-month,mailed check,71.45,73.6,yes
0895-lmrsf,male,False,True,True,23,True,dsl,True,no,True,one year,bank transfer (automatic),64.9,1509.8,no
8098-llazx,female,True,True,True,4,True,fiber optic,True,no,True,month-to-month,electronic check,95.45,396.1,yes
8266-vbfql,male,False,True,True,4,True,fiber optic,True,yes,True,month-to-month,electronic check,90.4,356.65,no
8181-yhcmf,female,False,True,True,68,True,dsl,True,yes,True,two year,credit card (automatic),60.3,4109.0,no
2240-hsjqd,male,False,True,True,38,True,fiber optic,True,no,True,month-to-month,mailed check,81.85,3141.7,no
1248-dyxub,male,False,True,True,52,True,no,True,no internet service,True,two year,mailed check,24.8,1229.1,no
0265-edxbd,male,True,True,True,32,True,fiber optic,True,no,True,month-to-month,electronic check,74.9,2303.35,yes
4115-bnpjy,male,False,True,True,29,True,dsl,True,yes,True,two year,mailed check,75.55,2054.4,no
3167-snqpl,male,True,True,True,38,True,fiber optic,True,no,True,month-to-month,electronic check,101.15,3741.85,no
4091-tvocn,male,False,True,True,48,True,dsl,True,no,True,one year,credit card (automatic),78.75,3682.45,no
1098-tdvuq,female,False,True,True,1,True,no,True,no internet service,True,month-to-month,bank transfer (automatic),19.25,19.25,no
7277-ozcgz,female,False,True,True,22,True,fiber optic,True,yes,True,month-to-month,electronic check,89.05,1886.25,no
1557-emyvt,female,False,True,True,43,True,fiber optic,True,yes,True,two year,credit card (automatic),115.05,4895.1,no
2799-arnlo,female,True,True,True,5,True,fiber optic,True,no,True,month-to-month,electronic check,69.35,341.6,no
7563-biupc,male,False,True,True,5,True,fiber optic,True,no,True,month-to-month,electronic check,80.6,415.55,yes
5027-yocxn,male,False,True,True,51,True,fiber optic,True,yes,True,one year,credit card (automatic),110.05,5686.4,no
3973-skmln,male,False,True,True,71,True,no,True,no internet service,True,two year,credit card (automatic),19.9,1355.1,no
2321-ombxy,female,False,True,True,38,True,dsl,True,yes,True,one year,credit card (automatic),80.3,3058.65,yes
2840-xanrc,male,True,True,True,24,True,fiber optic,True,no,True,month-to-month,electronic check,93.15,2231.05,yes
6745-jefzb,male,False,True,True,35,True,fiber optic,True,yes,True,month-to-month,credit card (automatic),91.5,3236.35,no
5020-zstty,female,True,True,True,54,True,dsl,True,yes,True,one year,bank transfer (automatic),82.45,4350.1,yes
9880-tdqac,female,False,True,True,72,True,dsl,True,yes,True,two year,electronic check,60.0,4264.0,no
8705-wzcyl,male,False,True,True,1,True,dsl,True,no,True,month-to-month,electronic check,44.8,44.8,no
7102-jjvtx,female,False,True,True,9,True,dsl,True,no,True,one year,mailed check,48.6,422.3,no
8626-ptqge,male,False,True,True,69,True,dsl,True,yes,True,two year,bank transfer (automatic),60.05,4176.7,no
4983-clmlv,female,False,True,True,52,True,fiber optic,True,yes,True,month-to-month,credit card (automatic),102.7,5138.1,no
5701-yvsvf,female,True,True,True,11,True,fiber optic,True,yes,True,month-to-month,electronic check,82.9,880.05,no
5804-lepim,female,True,True,True,2,True,fiber optic,True,no,True,month-to-month,electronic check,70.35,139.05,yes
5697-gombf,female,True,True,True,28,True,dsl,True,no,True,month-to-month,electronic check,35.9,973.65,no
2739-cacdq,female,True,True,True,17,True,fiber optic,True,no,True,month-to-month,credit card (automatic),82.65,1470.05,no
9385-ehgdo,female,False,True,True,35,True,no,True,no internet service,True,two year,mailed check,19.85,739.35,no
9498-fimxl,female,False,True,True,8,True,no,True,no internet service,True,one year,mailed check,19.2,161.95,no
2379-gyflq,male,False,True,True,46,True,fiber optic,True,no,True,one year,credit card (automatic),94.9,4422.95,no
0122-oahpz,female,False,True,True,7,True,fiber optic,True,no,True,month-to-month,electronic check,73.85,511.25,yes
2868-snelz,female,False,True,True,2,True,fiber optic,True,no,True,month-to-month,mailed check,80.6,155.8,yes
4322-rcymt,male,False,True,True,68,True,dsl,True,yes,True,one year,bank transfer (automatic),75.8,5293.95,yes
6680-nenyn,female,False,True,True,43,True,fiber optic,True,no,True,two year,electronic check,104.6,4759.85,yes
2088-iebau,female,False,True,True,68,True,dsl,True,yes,True,two year,electronic check,88.15,6148.45,no
7982-vcelr,female,False,True,True,36,True,fiber optic,True,no,True,month-to-month,credit card (automatic),94.8,3565.65,no
1343-ehpyb,male,False,True,True,63,True,fiber optic,True,no,True,month-to-month,electronic check,103.4,6603.0,yes
6035-bxtty,female,True,True,True,32,True,dsl,True,yes,True,month-to-month,bank transfer (automatic),54.65,1830.1,no
6885-pkoam,female,False,True,True,71,True,dsl,True,yes,True,two year,credit card (automatic),85.75,6223.8,no
7520-hqwju,female,False,True,True,66,True,dsl,True,no,True,month-to-month,bank transfer (automatic),67.45,4508.65,no
9639-bujxt,male,False,True,True,63,True,no,True,no internet service,True,one year,mailed check,20.5,1328.15,no
5924-sngkp,female,False,True,True,41,True,no,True,no internet service,True,one year,credit card (automatic),20.25,865.0,no
0021-ikxgc,female,True,True,True,1,True,fiber optic,True,no,True,month-to-month,electronic check,72.1,72.1,no
2034-gdrcn,female,False,True,True,2,True,fiber optic,True,no,True,month-to-month,electronic check,90.4,168.2,yes
8966-snizf,female,False,True,True,70,True,no,True,no internet service,True,two year,bank transfer (automatic),19.45,1303.5,no
6243-ozgfh,female,False,True,True,23,True,dsl,True,no,True,month-to-month,electronic check,44.95,996.85,no
4654-dlamq,female,True,True,True,64,True,fiber optic,True,no,True,one year,bank transfer (automatic),97.0,6430.9,no
0513-rbgpe,male,False,True,True,37,True,dsl,True,yes,True,two year,credit card (automatic),62.8,2278.75,no
5160-uxjed,male,False,True,True,17,True,dsl,True,no,True,one year,mailed check,44.6,681.4,no
4115-nzrks,female,True,True,True,7,True,fiber optic,True,no,True,month-to-month,electronic check,89.15,574.35,no
0219-ytzue,male,False,True,True,4,True,fiber optic,True,no,True,month-to-month,bank transfer (automatic),84.8,371.9,yes
0623-iihug,female,True,True,True,21,True,dsl,True,no,True,month-to-month,electronic check,41.9,840.1,yes
4572-dvcgn,female,False,True,True,10,True,fiber optic,True,no,True,month-to-month,bank transfer (automatic),80.25,846.0,yes
3351-ngxyi,female,True,True,True,16,True,dsl,True,no,True,month-to-month,electronic check,54.1,889.0,no
8984-eylll,male,False,True,True,64,True,fiber optic,True,yes,True,two year,electronic check,105.25,6823.4,no
9057-mswco,male,True,True,True,27,True,dsl,True,no,True,month-to-month,credit card (automatic),30.75,805.1,yes
9833-tgfhx,male,False,True,True,42,True,fiber optic,True,no,True,one year,electronic check,97.1,4016.75,no
9294-tdipc,male,False,True,True,5,True,no,True,no internet service,True,month-to-month,mailed check,20.2,83.75,no
5229-dtfyb,female,False,True,True,41,True,fiber optic,True,yes,True,two year,bank transfer (automatic),98.8,3959.15,no
0104-ppxdv,male,False,True,True,58,True,dsl,True,no,True,one year,credit card (automatic),50.3,2878.55,no
5176-lmjxe,female,False,True,True,47,True,no,True,no internet service,True,two year,mailed check,20.55,945.7,no
3583-krkmd,male,False,True,True,18,True,fiber optic,True,yes,True,month-to-month,bank transfer (automatic),75.9,1373.05,no
1010-diauq,male,False,True,True,5,True,fiber optic,True,no,True,month-to-month,bank transfer (automatic),96.5,492.55,yes
9069-lgeul,male,False,True,True,23,True,dsl,True,no,True,month-to-month,bank transfer (automatic),59.95,1406.0,no
7302-zhmhp,female,False,True,True,1,True,no,True,no internet service,True,month-to-month,mailed check,19.15,19.15,no
9571-edebv,male,False,True,True,71,True,fiber optic,True,no,True,one year,credit card (automatic),98.65,6962.85,no
3520-fjgcv,male,False,True,True,72,True,fiber optic,True,yes,True,two year,credit card (automatic),112.6,8126.65,no
6563-vrerx,male,False,True,True,33,True,no,True,no internet service,True,one year,mailed check,20.6,690.25,no
0259-gbzsh,male,False,True,True,2,True,fiber optic,True,no,True,month-to-month,electronic check,85.65,181.5,yes
6122-efvkn,male,False,True,True,24,True,dsl,True,yes,True,two year,mailed check,35.75,830.8,no
2805-edjpq,female,False,True,True,56,True,fiber optic,True,yes,True,one year,credit card (automatic),99.75,5608.4,no
6862-cqumb,male,False,True,True,37,True,fiber optic,True,no,True,month-to-month,credit card (automatic),96.1,3646.8,no
7156-mxbje,female,False,True,True,43,True,dsl,True,yes,True,one year,credit card (automatic),85.1,3662.25,no
6158-hdpxz,male,False,True,True,1,True,dsl,True,no,True,month-to-month,mailed check,25.35,25.35,no
9601-brxpo,female,False,True,True,25,True,fiber optic,True,yes,True,month-to-month,bank transfer (automatic),104.95,2566.5,yes
2863-imqdr,female,False,True,True,61,True,dsl,True,yes,True,two year,electronic check,89.65,5308.7,no
5686-cmawk,male,False,True,True,17,True,fiber optic,True,yes,True,one year,electronic check,86.75,1410.25,no
5651-crhkq,female,False,True,True,41,True,fiber optic,True,yes,True,one year,bank transfer (automatic),86.2,3339.05,no
6905-niqin,male,False,True,True,1,True,dsl,True,no,True,month-to-month,mailed check,50.65,50.65,yes
8204-yjcla,male,True,True,True,72,True,dsl,True,yes,True,two year,bank transfer (automatic),64.8,4732.35,no
5167-zffmm,male,False,True,True,1,True,fiber optic,True,no,True,month-to-month,credit card (automatic),90.85,90.85,yes
6583-szvgp,male,False,True,True,48,True,fiber optic,True,no,True,two year,bank transfer (automatic),108.1,5067.45,no
4895-tmwir,male,True,True,True,11,True,no,True,no internet service,True,month-to-month,mailed check,19.95,214.75,yes
0533-bnwkf,female,True,True,True,55,True,fiber optic,True,no,True,month-to-month,electronic check,85.45,4874.7,yes
1708-pbboa,female,False,True,True,42,True,dsl,True,yes,True,one year,electronic check,54.75,2348.45,no
8782-lkfpk,male,False,True,True,44,True,fiber optic,True,no,True,month-to-month,mailed check,90.4,4063.0,no
5522-jbwmo,male,False,True,True,1,True,dsl,True,no,True,month-to-month,electronic check,44.0,44.0,no
3597-mvhjt,female,False,True,True,27,True,fiber optic,True,no,True,month-to-month,bank transfer (automatic),95.6,2595.25,no
9774-nrnau,male,True,True,True,27,True,dsl,True,yes,True,month-to-month,bank transfer (automatic),84.8,2309.55,no
0224-rlwwd,female,True,True,True,2,True,dsl,True,no,True,month-to-month,electronic check,44.3,89.3,no
9967-atrfs,female,False,True,True,19,True,no,True,no internet service,True,month-to-month,mailed check,19.9,367.55,no
3951-njcvi,female,True,True,True,42,True,fiber optic,True,no,True,month-to-month,electronic check,95.05,3944.5,no
2977-cebsx,female,False,True,True,66,True,dsl,True,yes,True,two year,credit card (automatic),90.05,5965.95,no
0177-pxbat,male,True,True,True,33,True,fiber optic,True,yes,True,month-to-month,bank transfer (automatic),109.9,3694.7,no
6599-cebnn,female,False,True,True,34,True,fiber optic,True,no,True,month-to-month,credit card (automatic),73.95,2524.45,yes
2519-erqoj,male,True,True,True,33,True,dsl,True,yes,True,month-to-month,electronic check,54.6,1803.7,no
5876-qmyld,female,False,True,True,23,True,no,True,no internet service,True,one year,mailed check,20.05,415.1,no
2277-axsdc,female,False,True,True,32,True,no,True,no internet service,True,one year,bank transfer (automatic),19.75,624.15,no
9442-jtwdl,female,False,True,True,11,True,no,True,no internet service,True,one year,credit card (automatic),20.05,237.7,no
0979-phulv,male,False,True,True,69,True,fiber optic,True,no,True,month-to-month,credit card (automatic),99.45,7007.6,yes
3067-svmtc,female,False,True,True,68,True,dsl,True,yes,True,one year,bank transfer (automatic),55.9,3848.8,no
5495-gpsrw,male,False,True,True,20,True,no,True,no internet service,True,two year,mailed check,19.7,419.4,no
7606-bphhn,male,False,True,True,72,True,no,True,no internet service,True,two year,credit card (automatic),19.8,1468.75,no
4742-drora,male,False,True,True,60,True,fiber optic,True,no,True,one year,bank transfer (automatic),95.4,5812.0,no
0111-klbqg,male,True,True,True,32,True,fiber optic,True,no,True,month-to-month,mailed check,93.95,2861.45,no
4800-vhzki,female,False,True,True,1,True,no,True,no internet service,True,month-to-month,mailed check,19.9,19.9,yes
7989-chgtl,male,False,True,True,1,True,no,True,no internet service,True,month-to-month,mailed check,19.6,19.6,yes
0334-gddso,male,True,True,True,3,True,fiber optic,True,no,True,month-to-month,electronic check,81.35,233.7,yes
4163-ncjak,female,False,True,True,46,True,no,True,no internet service,True,one year,bank transfer (automatic),24.45,1066.15,no
5233-aozuf,female,False,True,True,29,True,fiber optic,True,no,True,month-to-month,electronic check,74.95,2149.05,no
5973-ejgdp,male,False,True,True,51,True,fiber optic,True,yes,True,month-to-month,electronic check,87.35,4473.0,no
1996-dbmus,female,True,True,True,48,True,fiber optic,True,no,True,month-to-month,bank transfer (automatic),70.65,3545.05,no
7916-vccpb,female,False,True,True,16,True,fiber optic,True,no,True,month-to-month,bank transfer (automatic),73.25,1195.75,no
4686-gefrm,male,False,True,True,70,True,fiber optic,True,yes,True,two year,bank transfer (automatic),98.7,6858.9,no
5249-qyhex,female,False,True,True,40,True,no,True,no internet service,True,two year,mailed check,24.8,1024.7,no
0578-skvmf,female,False,True,True,22,True,fiber optic,True,no,True,month-to-month,electronic check,83.3,1845.9,yes
5564-nemqo,female,True,True,True,1,True,fiber optic,True,no,True,month-to-month,bank transfer (automatic),75.3,75.3,yes
2233-fagxv,female,False,True,True,5,True,no,True,no internet service,True,month-to-month,mailed check,24.3,132.25,no
5605-iygfg,female,False,True,True,7,True,fiber optic,True,no,True,month-to-month,bank transfer (automatic),69.85,515.45,no
7663-ztegj,male,False,True,True,29,True,fiber optic,True,yes,True,one year,credit card (automatic),100.55,2830.45,no
3935-tbrzz,male,False,True,True,44,True,no,True,no internet service,True,one year,mailed check,25.7,1110.5,no
8111-bkvds,female,False,True,True,10,True,dsl,True,no,True,month-to-month,bank transfer (automatic),40.7,449.3,no
2055-sifss,female,True,True,True,55,True,dsl,True,no,True,month-to-month,bank transfer (automatic),51.65,2838.55,no
2806-mlnti,male,True,True,True,52,True,fiber optic,True,no,True,one year,bank transfer (automatic),105.1,5376.4,no
8734-dkstz,female,False,True,True,10,True,fiber optic,True,no,True,month-to-month,electronic check,85.95,858.6,no
4360-pnrqb,male,False,True,True,18,True,fiber optic,True,no,True,month-to-month,bank transfer (automatic),75.6,1395.05,no
6152-onasv,female,False,True,True,68,True,dsl,True,yes,True,one year,bank transfer (automatic),58.25,3975.7,no
9063-zgtuy,female,False,True,True,61,True,no,True,no internet service,True,month-to-month,mailed check,19.4,1182.55,yes
7781-hvgmk,female,False,True,True,72,True,dsl,True,yes,True,two year,credit card (automatic),65.2,4784.45,no
2181-uaesm,male,False,True,True,2,True,dsl,True,no,True,month-to-month,electronic check,53.45,119.5,no
2957-lolho,male,False,True,True,12,True,dsl,True,no,True,month-to-month,bank transfer (automatic),45.4,518.9,yes
6048-njxhx,male,False,True,True,41,True,no,True,no internet service,True,two year,electronic check,19.75,899.45,no
2320-slkmb,female,False,True,True,26,True,dsl,True,yes,True,month-to-month,credit card (automatic),44.45,1183.8,no
4980-urkxc,male,False,True,True,36,True,no,True,no internet service,True,one year,bank transfer (automatic),20.85,720.05,no
4376-kfvrs,male,False,True,True,72,True,fiber optic,True,yes,True,two year,credit card (automatic),114.05,8468.2,no
5886-vlqvu,male,False,True,True,35,True,fiber optic,True,yes,True,month-to-month,bank transfer (automatic),89.85,3161.2,no
3577-amvux,male,False,True,True,1,True,dsl,True,yes,True,month-to-month,mailed check,55.05,55.05,no
0771-wlcla,female,False,True,True,16,True,fiber optic,True,yes,True,month-to-month,electronic check,112.95,1882.55,no
5628-rkifk,female,True,True,True,49,True,fiber optic,True,no,True,month-to-month,credit card (automatic),101.55,5070.4,no
0206-tbwlc,female,False,True,True,54,True,fiber optic,True,yes,True,one year,mailed check,114.65,6049.5,no
2937-fthur,female,False,True,True,18,True,dsl,True,no,True,month-to-month,electronic check,64.8,1166.7,no
1910-fmxjm,female,False,True,True,36,True,fiber optic,True,no,True,month-to-month,electronic check,80.4,2937.65,no
7752-xusci,female,False,True,True,60,True,fiber optic,True,no,True,month-to-month,electronic check,105.9,6396.45,yes
4110-pfeuz,female,False,True,True,1,True,fiber optic,True,no,True,month-to-month,mailed check,69.55,69.55,yes
0732-ocqoc,female,False,True,True,52,True,no,True,no internet service,True,two year,bank transfer (automatic),25.05,1270.25,no
5168-mswxt,male,False,True,True,8,True,fiber optic,True,no,True,month-to-month,electronic check,94.75,759.55,no
1090-eselr,male,False,True,True,72,True,fiber optic,True,yes,True,two year,bank transfer (automatic),105.5,7611.55,no
8592-pltmq,female,False,True,True,64,True,no,True,no internet service,True,one year,mailed check,24.7,1642.75,no
5760-wrahc,female,True,True,True,22,True,dsl,True,yes,True,month-to-month,mailed check,69.75,1545.4,no
8847-geooq,male,False,True,True,60,True,dsl,True,yes,True,month-to-month,bank transfer (automatic),60.2,3582.4,no
0256-lthvj,female,False,True,True,28,True,fiber optic,True,no,True,month-to-month,electronic check,81.05,2227.1,yes
4785-fcifb,female,False,True,True,61,True,no,True,no internet service,True,two year,mailed check,24.4,1417.9,no
8313-ndoia,female,False,True,True,24,True,fiber optic,True,no,True,month-to-month,electronic check,104.15,2494.65,no
5149-cuzuj,male,False,True,True,28,True,fiber optic,True,yes,True,one year,bank transfer (automatic),92.9,2768.35,no
0942-kowsm,female,False,True,True,30,True,dsl,True,yes,True,two year,bank transfer (automatic),80.8,2369.3,no
4237-clsmm,male,False,True,True,2,True,no,True,no internet service,True,month-to-month,mailed check,20.0,38.0,no
1452-voqch,male,False,True,True,1,True,fiber optic,True,no,True,month-to-month,electronic check,75.1,75.1,no
4719-umsiy,male,False,True,True,6,True,no,True,no internet service,True,month-to-month,mailed check,19.65,100.9,no
6614-vbegu,female,False,True,True,24,True,dsl,True,no,True,month-to-month,bank transfer (automatic),69.45,1614.05,no
0880-tkatg,male,False,True,True,4,True,fiber optic,True,no,True,month-to-month,electronic check,101.15,385.9,yes
3811-vbybz,male,False,True,True,7,True,fiber optic,True,no,True,month-to-month,electronic check,99.8,673.25,yes
1480-bkxga,male,True,True,True,72,True,fiber optic,True,yes,True,two year,bank transfer (automatic),116.05,8404.9,no
2996-xauvf,male,False,True,True,70,True,dsl,True,yes,True,two year,mailed check,40.05,2799.75,no
9076-axyik,male,True,True,True,64,True,fiber optic,True,yes,True,two year,electronic check,102.1,6538.45,no
5968-xqive,male,False,True,True,72,True,fiber optic,True,no,True,one year,electronic check,89.7,6588.95,no
8896-razcr,female,False,True,True,44,True,no,True,no internet service,True,two year,mailed check,19.9,868.1,no
4640-uhdos,female,False,True,True,13,True,dsl,True,no,True,month-to-month,electronic check,55.95,734.35,yes
4933-ikulf,female,True,True,True,17,True,no,True,no internet service,True,one year,mailed check,20.65,330.6,no
3583-ekapl,male,False,True,True,1,True,dsl,True,no,True,month-to-month,electronic check,55.0,55.0,yes
1304-bccfo,male,False,True,True,9,True,dsl,True,no,True,month-to-month,mailed check,70.05,564.4,no
4104-pvrps,male,False,True,True,24,True,dsl,True,yes,True,month-to-month,mailed check,53.6,1315.35,no
9399-aplbt,female,False,True,True,1,True,fiber optic,True,no,True,month-to-month,electronic check,74.7,74.7,yes
2359-kmgli,male,False,True,True,24,True,fiber optic,True,no,True,month-to-month,electronic check,80.25,1861.5,yes
3780-ddgse,male,True,True,True,35,True,dsl,True,yes,True,month-to-month,electronic check,76.05,2747.2,no
4431-edmiq,female,False,True,True,7,True,dsl,True,yes,True,month-to-month,electronic check,75.7,554.05,no
0306-jaele,male,False,True,True,5,True,fiber optic,True,yes,True,month-to-month,electronic check,96.1,453.4,yes
6227-hwpwx,female,False,True,True,15,True,fiber optic,True,no,True,month-to-month,bank transfer (automatic),69.0,994.8,yes
0486-lgcch,male,False,True,True,11,True,no,True,no internet service,True,two year,mailed check,19.65,225.75,no
0447-bemng,female,False,True,True,48,True,dsl,True,no,True,month-to-month,bank transfer (automatic),45.3,2145.0,yes
4612-ssvhj,female,True,True,True,20,True,fiber optic,True,no,True,month-to-month,electronic check,81.45,1671.6,no
5168-mqqca,female,False,True,True,72,True,fiber optic,True,yes,True,one year,bank transfer (automatic),108.5,8003.8,no
5949-xikae,female,False,True,True,8,True,fiber optic,True,no,True,month-to-month,electronic check,83.55,680.05,yes
7971-hlvxi,male,False,True,True,72,True,fiber optic,True,no,True,two year,credit card (automatic),84.5,6130.85,no
9094-azphk,female,False,True,True,15,True,fiber optic,True,no,True,month-to-month,electronic check,100.15,1415.0,no
3649-jpugy,male,False,True,True,72,True,dsl,True,yes,True,two year,bank transfer (automatic),88.6,6201.95,no
4472-lvygi,female,False,True,True,0,True,dsl,True,yes,True,two year,bank transfer (automatic),52.55,52.55,no
8372-juxui,male,False,True,True,1,True,fiber optic,True,no,True,month-to-month,electronic check,74.35,20.25,yes
3552-ctcyf,male,False,True,True,63,True,fiber optic,True,no,True,two year,bank transfer (automatic),104.8,80.85,no
6778-ysnih,female,False,True,True,2,True,dsl,True,no,True,month-to-month,electronic check,59.0,25.75,no
0388-eopex,female,False,True,True,2,True,fiber optic,True,no,True,month-to-month,electronic check,74.4,56.05,yes
5756-ozrio,male,True,True,True,61,True,dsl,True,no,True,one year,bank transfer (automatic),64.05,3902.6,no
6579-jpicp,male,False,True,True,1,True,no,True,no internet service,True,month-to-month,mailed check,20.4,20.4,no
8205-otchb,male,False,True,True,22,True,dsl,True,no,True,one year,bank transfer (automatic),43.75,903.6,yes
4134-bsxlx,male,False,True,True,28,True,dsl,True,yes,True,month-to-month,mailed check,60.9,1785.65,no
0505-spoow,female,False,True,True,70,True,no,True,no internet service,True,two year,bank transfer (automatic),19.8,1397.65,no
6235-vdhom,female,True,True,True,5,True,dsl,True,no,True,month-to-month,electronic check,28.45,131.05,yes
7783-ykgdv,female,False,True,True,12,True,fiber optic,True,no,True,month-to-month,bank transfer (automatic),99.7,1238.45,yes
4374-ymusq,male,False,True,True,34,True,fiber optic,True,yes,True,one year,credit card (automatic),116.25,3899.05,no
4513-cxyix,female,True,True,True,71,True,fiber optic,True,no,True,two year,credit card (automatic),80.7,5676.0,no
3957-hhlmr,female,False,True,True,70,True,dsl,True,no,True,one year,bank transfer (automatic),65.2,4543.15,no
7803-xoccz,female,False,True,True,52,True,fiber optic,True,yes,True,month-to-month,bank transfer (automatic),84.05,4326.8,no
5736-yejax,male,False,True,True,69,True,dsl,True,yes,True,two year,credit card (automatic),79.45,5502.55,no
5609-cebid,female,True,True,True,20,True,fiber optic,True,no,True,month-to-month,electronic check,94.1,1782.4,yes
8981-fjgla,male,False,True,True,11,True,fiber optic,True,no,True,month-to-month,mailed check,78.0,851.8,no
7218-hkqfk,male,False,True,True,2,True,fiber optic,True,yes,True,month-to-month,electronic check,94.2,167.5,yes
4636-qrjky,female,False,True,True,6,True,fiber optic,True,yes,True,month-to-month,electronic check,80.5,502.85,yes
1135-lmecx,female,False,True,True,1,True,no,True,no internet service,True,month-to-month,mailed check,19.85,19.85,no
4332-muoez,male,True,True,True,20,True,fiber optic,True,yes,True,one year,credit card (automatic),94.3,1818.3,no
8535-sfutn,male,False,True,True,61,True,fiber optic,True,no,True,month-to-month,electronic check,106.45,6300.15,no
5956-vkdtt,female,True,True,True,5,True,fiber optic,True,no,True,month-to-month,electronic check,74.35,334.8,yes
8677-hdzee,female,False,True,True,56,True,fiber optic,True,yes,True,month-to-month,bank transfer (automatic),105.45,5916.95,no
2475-mrozf,male,False,True,True,30,True,fiber optic,True,yes,True,month-to-month,credit card (automatic),95.0,2852.4,no
9412-gheec,male,False,True,True,40,True,fiber optic,True,yes,True,month-to-month,bank transfer (automatic),104.8,4131.95,yes
3482-abpkk,female,False,True,True,28,True,dsl,True,yes,True,one year,mailed check,54.3,1546.3,no
6705-lxorm,female,True,True,True,5,True,fiber optic,True,no,True,month-to-month,electronic check,70.05,302.6,no
0257-zesqc,female,True,True,True,27,True,fiber optic,True,no,True,month-to-month,bank transfer (automatic),75.2,1929.35,yes
7531-gqhme,male,False,True,True,12,True,no,True,no internet service,True,month-to-month,credit card (automatic),20.05,265.45,no
5174-itumv,male,False,True,True,67,True,fiber optic,True,no,True,one year,electronic check,105.4,6989.45,no
4109-cyrbd,male,True,True,True,29,True,dsl,True,no,True,month-to-month,electronic check,51.6,1442.0,no
0913-xwscn,male,False,True,True,55,True,fiber optic,True,no,True,month-to-month,bank transfer (automatic),85.5,4713.4,no
6825-uypfk,female,False,True,True,23,True,fiber optic,True,no,True,month-to-month,bank transfer (automatic),75.6,1758.6,yes
8397-mvtaz,male,False,True,True,34,True,fiber optic,True,no,True,month-to-month,electronic check,100.05,3480.0,yes
0750-ebaiu,male,False,True,True,52,True,fiber optic,True,no,True,one year,electronic check,91.25,4738.3,no
8606-ciqul,male,True,True,True,72,True,fiber optic,True,yes,True,two year,credit card (automatic),115.75,8399.15,no
3571-dpyuh,male,False,True,True,58,True,fiber optic,True,yes,True,one year,credit card (automatic),94.7,5430.35,no
7601-gndyk,male,False,True,True,35,True,no,True,no internet service,True,two year,mailed check,19.6,686.95,no
0356-obmac,female,True,True,True,56,True,fiber optic,True,yes,True,two year,bank transfer (automatic),99.9,5706.3,no
8067-nioym,female,False,True,True,24,True,no,True,no internet service,True,two year,credit card (automatic),21.1,490.65,no
1403-gyafu,male,False,True,True,70,True,no,True,no internet service,True,two year,credit card (automatic),20.05,1360.25,no
4234-xtnea,male,False,True,True,2,True,fiber optic,True,no,True,month-to-month,electronic check,79.95,174.45,no
1297-vqdrp,male,True,True,True,68,True,fiber optic,True,yes,True,one year,credit card (automatic),107.15,7379.8,no
9282-izgqk,female,False,True,True,1,True,fiber optic,True,no,True,month-to-month,electronic check,85.0,85.0,yes
5348-cagxb,male,False,True,True,12,True,fiber optic,True,no,True,month-to-month,electronic check,89.55,1021.75,no
0621-hjwxj,female,False,True,True,63,True,fiber optic,True,no,True,month-to-month,bank transfer (automatic),81.55,5029.05,no
5844-qvtat,female,False,True,True,33,True,dsl,True,no,True,one year,mailed check,58.45,1955.4,no
8905-iazpf,female,False,True,True,69,True,fiber optic,True,no,True,one year,credit card (automatic),95.65,6744.2,no
5394-meitz,female,False,True,True,60,True,dsl,True,yes,True,two year,bank transfer (automatic),80.6,4946.7,no
6859-qnxiq,female,False,True,True,72,True,fiber optic,True,yes,True,two year,bank transfer (automatic),113.1,8248.5,no
2782-lfzvw,female,False,True,True,11,True,dsl,True,no,True,month-to-month,mailed check,58.95,601.6,no
2866-ikbtm,female,False,True,True,1,True,no,True,no internet service,True,month-to-month,mailed check,19.55,19.55,no
1342-jpnki,male,False,True,True,10,True,fiber optic,True,no,True,month-to-month,bank transfer (automatic),86.05,834.1,yes
2817-ntqdo,male,False,True,True,13,True,dsl,True,yes,True,month-to-month,credit card (automatic),45.55,597.0,yes
7129-azjde,male,False,True,True,34,True,fiber optic,True,no,True,one year,bank transfer (automatic),78.95,2647.2,no
6986-ijdhx,male,False,True,True,39,True,fiber optic,True,no,True,month-to-month,mailed check,86.3,3266.0,yes
2560-ppche,female,False,True,True,65,True,fiber optic,True,yes,True,one year,bank transfer (automatic),105.05,6744.25,no
4676-mquea,male,True,True,True,50,True,fiber optic,True,no,True,one year,bank transfer (automatic),101.9,5265.5,no
8138-ealnd,male,False,True,True,15,True,no,True,no internet service,True,month-to-month,mailed check,19.75,311.6,no
3580-hycsp,male,False,True,True,72,True,fiber optic,True,no,True,two year,bank transfer (automatic),110.3,7966.9,no
1352-hnsaw,female,False,True,True,72,True,fiber optic,True,yes,True,two year,bank transfer (automatic),115.6,8220.4,no
2075-puepr,male,False,True,True,55,True,no,True,no internet service,True,two year,bank transfer (automatic),19.35,1153.25,no
1982-febtd,female,False,True,True,23,True,no,True,no internet service,True,two year,credit card (automatic),25.6,514.75,no
5301-gauuy,male,False,True,True,32,True,fiber optic,True,no,True,month-to-month,bank transfer (automatic),80.35,2596.15,yes
5791-kajfd,female,False,True,True,56,True,dsl,True,no,True,one year,bank transfer (automatic),68.75,3808.0,no
2654-vbvpb,female,False,True,True,1,True,no,True,no internet service,True,month-to-month,bank transfer (automatic),19.9,19.9,no
1154-hywwo,male,False,True,True,38,True,dsl,True,yes,True,one year,mailed check,70.6,2708.2,no
2501-xwwtz,male,False,True,True,11,True,fiber optic,True,no,True,month-to-month,electronic check,70.2,760.05,no
3716-uvspd,male,False,True,True,1,True,dsl,True,yes,True,month-to-month,electronic check,49.3,49.3,no
6815-abqfq,male,False,True,True,56,True,fiber optic,True,yes,True,one year,electronic check,107.25,6033.3,no
7343-eobeu,male,False,True,True,3,True,no,True,no internet service,True,month-to-month,mailed check,23.6,89.05,no
3701-sfmuh,male,False,True,True,7,True,dsl,True,no,True,month-to-month,credit card (automatic),69.7,516.15,no
6103-lianb,male,False,True,True,59,True,fiber optic,True,no,True,two year,credit card (automatic),99.5,5861.75,no
7319-venrz,male,False,True,True,7,True,dsl,True,yes,True,month-to-month,bank transfer (automatic),64.3,445.95,no
5846-neqvz,male,False,True,True,71,True,dsl,True,yes,True,two year,credit card (automatic),70.85,4973.4,no
6967-qiqrv,male,False,True,True,15,True,fiber optic,True,yes,True,one year,electronic check,101.9,1667.25,no
5781-rfzrp,male,False,True,True,71,True,dsl,True,yes,True,two year,credit card (automatic),73.5,5357.75,no
0939-yapaf,female,False,True,True,35,True,fiber optic,True,no,True,month-to-month,electronic check,100.25,3527.6,yes
0308-ivgok,female,False,True,True,11,True,dsl,True,yes,True,one year,credit card (automatic),40.4,422.6,no
7293-lscdv,female,False,True,True,60,True,no,True,no internet service,True,two year,credit card (automatic),19.25,1103.25,no
7025-wcbne,male,True,True,True,47,True,dsl,True,yes,True,two year,bank transfer (automatic),59.6,2754.0,no
5756-jyojt,female,False,True,True,11,True,dsl,True,yes,True,one year,credit card (automatic),64.9,697.25,no
4710-fduiz,male,False,True,True,56,True,fiber optic,True,no,True,one year,credit card (automatic),100.3,5614.45,yes
6030-rehux,female,True,True,True,28,True,fiber optic,True,yes,True,month-to-month,electronic check,110.85,3204.4,no
9548-ligta,male,False,True,True,61,True,dsl,True,yes,True,two year,mailed check,81.05,4747.65,no
5150-ljnsr,male,False,True,True,31,True,fiber optic,True,no,True,one year,bank transfer (automatic),98.05,3082.1,no
8270-rksap,male,False,True,True,9,True,fiber optic,True,no,True,month-to-month,electronic check,70.5,597.9,no
6522-yrbxd,male,True,True,True,35,True,fiber optic,True,no,True,month-to-month,electronic check,94.55,3365.4,no
2640-lymov,male,False,True,True,2,True,no,True,no internet service,True,month-to-month,mailed check,19.65,38.8,no
1218-vkfpe,female,False,True,True,12,True,no,True,no internet service,True,month-to-month,mailed check,19.0,233.55,yes
3627-fhkbk,female,False,True,True,1,True,fiber optic,True,no,True,month-to-month,mailed check,75.3,75.3,yes
2865-tchjw,female,True,True,True,4,True,fiber optic,True,no,True,month-to-month,electronic check,89.2,346.2,yes
1423-bmpbq,female,False,True,True,1,True,no,True,no internet service,True,month-to-month,mailed check,19.0,19.0,no
2393-divai,female,False,True,True,3,True,no,True,no internet service,True,month-to-month,mailed check,20.0,61.7,no
5192-ebgov,female,True,True,True,1,True,fiber optic,True,no,True,month-to-month,electronic check,85.7,85.7,yes
4568-knywr,male,False,True,True,52,True,dsl,True,no,True,two year,credit card (automatic),63.25,3342.45,no
8752-imqos,male,False,True,True,5,True,no,True,no internet service,True,one year,mailed check,20.1,85.1,no
0742-lafqk,male,False,True,True,72,True,fiber optic,True,no,True,two year,electronic check,99.15,7422.1,no
0795-lafgp,male,False,True,True,71,True,dsl,True,yes,True,two year,electronic check,90.4,6668.05,no
0619-olyur,male,False,True,True,72,True,fiber optic,True,yes,True,two year,credit card (automatic),111.9,8071.05,no
5512-idzei,male,False,True,True,46,True,no,True,no internet service,True,one year,electronic check,24.9,1174.8,no
0459-spzhj,male,False,True,True,63,True,dsl,True,no,True,two year,credit card (automatic),83.5,5435.0,no
0215-bqkgs,male,False,True,True,30,True,fiber optic,True,no,True,month-to-month,credit card (automatic),84.3,2438.6,no
9244-zvapm,male,False,True,True,1,True,dsl,True,no,True,month-to-month,mailed check,45.6,45.6,no
0719-syfrb,female,False,True,True,12,True,dsl,True,yes,True,month-to-month,mailed check,61.65,713.75,yes
8208-eumte,male,False,True,True,16,True,dsl,True,yes,True,two year,mailed check,54.85,916.15,no
5172-migpm,male,False,True,True,4,True,dsl,True,yes,True,month-to-month,mailed check,65.55,237.2,no
1710-rcxus,male,False,True,True,51,True,fiber optic,True,no,True,one year,credit card (automatic),90.35,4614.55,no
0374-fiuca,male,False,True,True,65,True,no,True,no internet service,True,two year,credit card (automatic),20.4,1414.45,no
5839-suyvz,male,False,True,True,16,True,fiber optic,True,yes,True,month-to-month,credit card (automatic),74.55,1170.5,no
5173-zxxxl,male,False,True,True,2,True,no,True,no internet service,True,one year,mailed check,19.95,47.7,no
1096-adrux,female,False,True,True,66,True,fiber optic,True,no,True,one year,bank transfer (automatic),74.25,4859.25,no
2001-mcuuw,male,False,True,True,46,True,fiber optic,True,yes,True,two year,electronic check,108.65,4903.2,no
2731-gjrdg,female,False,True,True,32,True,fiber optic,True,yes,True,one year,bank transfer (automatic),109.55,3608.0,no
4723-begsg,male,False,True,True,72,True,dsl,True,yes,True,two year,credit card (automatic),86.65,6094.25,no
6516-nkqbo,male,False,True,True,38,True,dsl,True,yes,True,two year,credit card (automatic),81.0,3084.9,no
8672-oaupw,male,False,True,True,51,True,dsl,True,yes,True,one year,credit card (automatic),47.85,2356.75,no
8207-dmrvl,male,False,True,True,72,True,fiber optic,True,yes,True,two year,bank transfer (automatic),114.55,8306.05,no
3419-snjjd,female,True,True,True,65,True,fiber optic,True,no,True,month-to-month,bank transfer (automatic),105.25,6786.4,yes
6543-cpzmk,male,False,True,True,9,True,dsl,True,no,True,month-to-month,electronic check,29.95,248.95,yes
4765-oxppd,female,False,True,True,9,True,dsl,True,yes,True,month-to-month,mailed check,65.0,663.05,yes
2804-etqdk,male,False,True,True,66,True,no,True,no internet service,True,two year,mailed check,20.55,1357.1,no
6689-vrrtk,female,True,True,True,44,True,fiber optic,True,no,True,one year,credit card (automatic),109.8,4860.35,no
7138-girsh,male,False,True,True,50,True,dsl,True,yes,True,two year,bank transfer (automatic),69.5,3418.2,no
9396-zsfll,female,False,True,True,15,True,dsl,True,no,True,month-to-month,mailed check,48.85,631.4,no
6464-kexxh,male,False,True,True,8,True,dsl,True,no,True,month-to-month,credit card (automatic),71.45,186.3,no
7134-mjpdy,female,True,True,True,66,True,fiber optic,True,yes,True,one year,credit card (automatic),71.45,6976.75,no
5240-caoyt,female,False,True,True,57,True,fiber optic,True,yes,True,month-to-month,bank transfer (automatic),71.45,4884.85,no
4059-iiebk,female,False,True,True,7,True,fiber optic,True,no,True,month-to-month,bank transfer (automatic),71.45,522.95,no
4881-jvqod,male,True,True,True,10,True,dsl,True,no,True,month-to-month,bank transfer (automatic),71.45,362.6,no
0516-uxrmt,female,False,True,True,62,True,fiber optic,True,no,True,one year,electronic check,71.45,5755.8,no
4851-bqdnx,male,False,True,True,40,True,fiber optic,True,no,True,one year,electronic check,71.45,3355.65,no
5148-hkfir,female,False,True,True,20,True,no,True,no internet service,True,two year,mailed check,71.45,406.95,no
1009-irmna,female,False,True,True,7,True,no,True,no internet service,True,month-to-month,bank transfer (automatic),71.45,137.6,yes
3003-cmduu,female,False,True,True,25,True,fiber optic,True,yes,True,month-to-month,electronic check,71.45,2395.7,no
5016-iberq,male,False,True,True,23,True,fiber optic,True,no,True,month-to-month,electronic check,71.45,1968.1,no
6797-ucjhz,female,True,True,True,66,True,fiber optic,True,no,True,one year,credit card (automatic),71.45,6819.45,no
2469-dtsgx,female,True,True,True,72,True,fiber optic,True,yes,True,two year,electronic check,71.45,7943.45,no
4554-ygzih,male,True,True,True,49,True,fiber optic,True,no,True,month-to-month,credit card (automatic),71.45,4547.25,yes
5099-bailx,male,True,True,True,43,True,fiber optic,True,yes,True,month-to-month,bank transfer (automatic),71.45,4687.9,yes
9931-kghoa,female,False,True,True,46,True,dsl,True,no,True,month-to-month,bank transfer (automatic),71.45,2473.95,no
1775-kwjkq,male,False,True,True,72,True,dsl,True,yes,True,two year,credit card (automatic),71.45,6562.9,no
7665-vigud,male,False,True,True,10,True,no,True,no internet service,True,one year,mailed check,71.45,176.3,no
9411-tpqqv,female,False,True,True,40,True,dsl,True,yes,True,one year,bank transfer (automatic),71.45,2236.2,no
7207-rmrdb,female,False,True,True,65,True,fiber optic,True,no,True,month-to-month,electronic check,71.45,6985.65,yes
7954-mlbun,male,False,True,True,31,True,fiber optic,True,yes,True,two year,bank transfer (automatic),99.45,3109.9,no
2077-ddhjk,female,False,True,True,68,True,dsl,True,yes,True,two year,credit card (automatic),70.9,4911.35,no
4913-ehyui,male,True,True,True,56,True,fiber optic,True,no,True,one year,bank transfer (automatic),104.55,5794.65,yes
0195-iescp,male,False,True,True,10,True,fiber optic,True,no,True,month-to-month,electronic check,85.25,855.3,yes
9574-bosmd,male,False,True,True,68,True,no,True,no internet service,True,two year,bank transfer (automatic),25.4,1620.2,no
4580-tmhju,female,False,True,True,43,True,dsl,True,no,True,month-to-month,electronic check,56.15,2499.3,yes
0970-etwge,male,False,True,True,1,True,fiber optic,True,no,True,month-to-month,electronic check,89.55,89.55,yes
4908-xaxay,female,True,True,True,49,True,fiber optic,True,no,True,one year,bank transfer (automatic),89.85,4287.2,no
8404-vlqfb,female,False,True,True,15,True,no,True,no internet service,True,month-to-month,electronic check,25.25,394.85,no
1626-ercmm,male,True,True,True,20,True,fiber optic,True,no,True,month-to-month,electronic check,94.55,1899.65,yes
0887-hjgar,male,False,True,True,1,True,dsl,True,no,True,month-to-month,mailed check,45.7,45.7,yes
2391-iplop,male,False,True,True,50,True,dsl,True,yes,True,one year,electronic check,69.65,3442.15,no
5644-pdmzc,female,True,True,True,2,True,fiber optic,True,no,True,month-to-month,electronic check,89.5,161.5,yes
3509-gwqgf,male,True,True,True,24,True,fiber optic,True,no,True,month-to-month,credit card (automatic),70.0,1732.6,no
9576-anlxo,female,False,True,True,3,True,fiber optic,True,no,True,month-to-month,bank transfer (automatic),69.55,222.3,yes
2024-baskd,female,False,True,True,1,True,fiber optic,True,no,True,month-to-month,mailed check,74.6,74.6,yes
5845-bzzib,male,False,True,True,35,True,no,True,no internet service,True,two year,mailed check,20.1,655.3,no
1140-ukvzg,female,False,True,True,17,True,no,True,no internet service,True,month-to-month,mailed check,24.8,475.25,no
4160-amjtl,female,True,True,True,8,True,no,True,no internet service,True,month-to-month,electronic check,19.65,164.3,yes
5183-snmjq,male,False,True,True,10,True,fiber optic,True,yes,True,month-to-month,credit card (automatic),95.1,865.1,no
8100-pnjmh,male,False,True,True,68,True,dsl,True,yes,True,two year,credit card (automatic),88.85,6132.7,no
7838-lazfo,male,False,True,True,45,True,dsl,True,no,True,one year,bank transfer (automatic),78.8,3597.5,no
4464-jcoln,male,False,True,True,2,True,no,True,no internet service,True,one year,mailed check,19.85,35.9,yes
2085-jvgad,male,False,True,True,37,True,no,True,no internet service,True,month-to-month,bank transfer (automatic),20.35,697.65,no
5650-vduds,female,False,True,True,4,True,dsl,True,no,True,month-to-month,mailed check,24.25,96.05,yes
8095-wanwk,female,False,True,True,10,True,dsl,True,no,True,month-to-month,mailed check,45.25,428.7,no
3030-zkiwl,male,False,True,True,1,True,no,True,no internet service,True,month-to-month,mailed check,20.05,20.05,no
9565-flvcg,male,False,True,True,65,True,dsl,True,no,True,two year,mailed check,69.55,4459.15,no
8755-ogkna,female,False,True,True,57,True,no,True,no internet service,True,two year,bank transfer (automatic),19.5,1167.6,no
2800-veqxm,female,False,True,True,3,True,fiber optic,True,no,True,month-to-month,mailed check,74.75,238.1,no
7538-gwhml,female,False,True,True,2,True,fiber optic,True,no,True,month-to-month,electronic check,69.65,145.15,yes
5533-rjftj,male,False,True,True,49,True,dsl,True,no,True,month-to-month,bank transfer (automatic),30.2,1453.1,no
3859-cvcet,female,False,True,True,4,True,dsl,True,no,True,month-to-month,mailed check,45.65,191.05,yes
0214-jhpfw,female,False,True,True,70,True,dsl,True,yes,True,two year,bank transfer (automatic),57.8,4039.3,no
5642-mhdqt,female,False,True,True,53,True,no,True,no internet service,True,one year,bank transfer (automatic),19.85,1039.45,no
3088-fvywk,male,False,True,True,53,True,no,True,no internet service,True,two year,credit card (automatic),25.55,1336.1,no
3276-hdueg,female,False,True,True,1,True,fiber optic,True,no,True,month-to-month,mailed check,75.05,75.05,yes
9092-gdzko,male,False,True,True,22,True,no,True,no internet service,True,month-to-month,credit card (automatic),24.85,493.4,no
0823-hscdj,male,True,True,True,52,True,dsl,True,no,True,month-to-month,electronic check,49.15,2550.9,yes
3729-owrvl,male,True,True,True,65,True,fiber optic,True,yes,True,two year,electronic check,110.35,7246.15,no
2324-aalno,female,False,True,True,48,True,no,True,no internet service,True,one year,bank transfer (automatic),24.55,1203.95,no
0822-gavap,female,False,True,True,2,True,dsl,True,no,True,month-to-month,electronic check,34.7,62.25,yes
5760-ifjoz,male,False,True,True,3,True,fiber optic,True,no,True,month-to-month,mailed check,107.95,313.6,no
2826-uwhis,male,False,True,True,45,True,fiber optic,True,no,True,month-to-month,bank transfer (automatic),81.4,3775.85,no
1448-pwkye,male,False,True,True,1,True,fiber optic,True,no,True,month-to-month,electronic check,80.0,80.0,yes
7501-iwung,female,False,True,True,61,True,dsl,True,yes,True,two year,bank transfer (automatic),71.45,4616.05,no
4957-treir,male,False,True,True,3,True,dsl,True,yes,True,month-to-month,credit card (automatic),71.45,195.65,no
7251-ljbqn,female,True,True,True,40,True,fiber optic,True,yes,True,one year,credit card (automatic),71.45,4188.4,no
8040-mnrtf,female,False,True,True,1,True,fiber optic,True,no,True,month-to-month,mailed check,71.45,71.1,no
1536-hbswp,female,False,True,True,1,True,dsl,True,yes,True,month-to-month,electronic check,71.45,49.9,no
5313-fpxwg,male,False,True,True,51,True,no,True,no internet service,True,one year,bank transfer (automatic),71.45,1266.4,no
0067-dkwbl,male,True,True,True,2,True,dsl,True,no,True,month-to-month,electronic check,71.45,91.1,yes
0946-fkytx,male,False,True,True,52,True,dsl,True,no,True,one year,mailed check,71.45,1623.4,no
5076-yvxcm,male,False,True,True,51,True,fiber optic,True,no,True,month-to-month,bank transfer (automatic),83.4,4149.45,no
8262-coggb,male,False,True,True,1,True,no,True,no internet service,True,month-to-month,mailed check,20.45,20.45,no
6663-jocqo,male,False,True,True,31,True,dsl,True,yes,True,one year,bank transfer (automatic),75.25,2344.5,no
9620-qjrev,male,False,True,True,47,True,no,True,no internet service,True,one year,credit card (automatic),20.55,1013.05,no
2276-ydavz,female,False,True,True,3,True,fiber optic,True,no,True,month-to-month,credit card (automatic),75.1,270.7,yes
2682-kevrp,female,True,True,True,22,True,no,True,no internet service,True,one year,mailed check,20.05,417.0,no
2480-jzosn,female,False,True,True,1,True,no,True,no internet service,True,month-to-month,mailed check,20.65,20.65,no
0078-xzmht,male,False,True,True,72,True,dsl,True,yes,True,two year,bank transfer (automatic),85.15,6316.2,no
5896-npfww,male,False,True,True,3,True,dsl,True,no,True,month-to-month,electronic check,50.15,168.15,yes
9978-hycin,male,True,True,True,47,True,fiber optic,True,no,True,one year,bank transfer (automatic),84.95,4018.05,no
8338-qiunr,male,False,True,True,72,True,dsl,True,yes,True,two year,credit card (automatic),66.5,4811.6,no
1525-lnloj,male,False,True,True,66,True,dsl,True,no,True,two year,bank transfer (automatic),63.3,4189.7,no
9450-trjuu,male,False,True,True,35,True,fiber optic,True,no,True,month-to-month,electronic check,83.15,2848.45,no
1766-gknmi,male,False,True,True,29,True,fiber optic,True,no,True,month-to-month,electronic check,84.9,2516.2,no
6942-lbfdp,female,False,True,True,2,True,no,True,no internet service,True,month-to-month,mailed check,20.55,33.6,no
1456-twcgb,male,False,True,True,4,True,dsl,True,no,True,month-to-month,mailed check,49.25,208.45,no
7133-vbdcg,female,False,True,True,25,True,fiber optic,True,no,True,month-to-month,bank transfer (automatic),79.85,2015.35,yes
7596-zywbb,female,False,True,True,65,True,dsl,True,yes,True,two year,mailed check,59.6,3739.8,no
8329-utmvm,male,True,True,True,27,True,fiber optic,True,yes,True,one year,bank transfer (automatic),104.65,2964.0,no
3014-wjksm,male,False,True,True,29,True,fiber optic,True,no,True,month-to-month,credit card (automatic),75.3,2263.4,no
3347-yjzze,male,False,True,True,29,True,dsl,True,no,True,month-to-month,credit card (automatic),80.1,2211.8,no
1029-qfben,male,False,True,True,1,True,no,True,no internet service,True,month-to-month,mailed check,19.55,19.55,yes
7929-dmbcv,female,False,True,True,20,True,fiber optic,True,yes,True,month-to-month,mailed check,81.0,1683.7,no
9661-jalzv,female,False,True,True,58,True,no,True,no internet service,True,two year,credit card (automatic),24.7,1519.0,no
5433-kyghe,female,False,True,True,14,True,fiber optic,True,yes,True,month-to-month,mailed check,86.0,1164.05,no
4312-kfrxn,male,False,True,True,72,True,no,True,no internet service,True,two year,mailed check,25.4,1710.9,no
5575-tpizq,male,False,True,True,46,True,fiber optic,True,no,True,month-to-month,credit card (automatic),89.15,4245.55,no
0114-igabw,female,False,True,True,71,True,dsl,True,yes,True,two year,bank transfer (automatic),58.25,4145.9,no
9944-aexbm,male,False,True,True,32,True,fiber optic,True,no,True,month-to-month,bank transfer (automatic),85.65,2664.3,no
1853-araaq,female,False,True,True,26,True,dsl,True,no,True,month-to-month,credit card (automatic),50.35,1277.5,no
6952-omnwb,male,True,True,True,68,True,fiber optic,True,no,True,month-to-month,credit card (automatic),80.35,5589.3,no
4697-lupsu,male,False,True,True,2,True,no,True,no internet service,True,one year,mailed check,20.2,34.75,no
8434-vgeqq,male,False,True,True,61,True,no,True,no internet service,True,two year,credit card (automatic),20.55,1305.95,no
4952-ysogz,female,False,True,True,4,True,fiber optic,True,no,True,month-to-month,electronic check,85.95,381.3,yes
1589-agtlk,male,False,True,True,3,True,dsl,True,no,True,month-to-month,electronic check,45.35,141.5,yes
5244-irfih,male,True,True,True,33,True,fiber optic,True,no,True,month-to-month,electronic check,94.5,3105.55,yes
6549-ymfaw,male,True,True,True,9,True,no,True,no internet service,True,month-to-month,mailed check,21.25,204.55,no
4950-hkqte,female,False,True,True,22,True,no,True,no internet service,True,two year,mailed check,26.25,605.9,no
6786-obwqr,female,False,True,True,5,True,fiber optic,True,no,True,month-to-month,electronic check,80.85,356.1,no
2684-eiweo,female,True,True,True,30,True,fiber optic,True,no,True,month-to-month,credit card (automatic),91.7,2758.15,yes
2753-jmmcv,male,False,True,True,65,True,dsl,True,yes,True,two year,credit card (automatic),74.2,4805.65,no
6439-gtpca,female,False,True,True,45,True,fiber optic,True,yes,True,month-to-month,electronic check,87.25,3941.7,yes
6621-yobki,male,False,True,True,5,True,no,True,no internet service,True,month-to-month,mailed check,20.35,92.75,no
1216-jwvux,male,False,True,True,25,True,fiber optic,True,no,True,month-to-month,electronic check,75.5,1901.05,no
7564-ghcvb,female,False,True,True,72,True,fiber optic,True,no,True,two year,bank transfer (automatic),79.05,5730.7,no
1173-noeyg,female,False,True,True,27,True,fiber optic,True,no,True,month-to-month,bank transfer (automatic),90.15,2423.4,no
7595-ehcdl,male,False,True,True,32,True,dsl,True,no,True,month-to-month,credit card (automatic),50.6,1653.45,no
6647-zedxt,female,False,True,True,30,True,fiber optic,True,yes,True,one year,credit card (automatic),110.45,3327.05,no
2521-npuzr,male,False,True,True,70,True,fiber optic,True,yes,True,two year,credit card (automatic),101.0,7085.5,no
1307-tvufb,male,True,True,True,42,True,fiber optic,True,no,True,month-to-month,bank transfer (automatic),79.35,3344.1,no
7503-mioga,female,True,True,True,72,True,dsl,True,yes,True,two year,bank transfer (automatic),89.85,6697.35,no
4381-mhqdc,female,False,True,True,47,True,dsl,True,yes,True,two year,mailed check,65.0,2879.9,no
6923-jhpmp,female,False,True,True,2,True,fiber optic,True,no,True,month-to-month,electronic check,80.45,137.1,no
5138-wvkyj,male,False,True,True,10,True,fiber optic,True,no,True,month-to-month,electronic check,98.55,1008.55,yes
4018-ppndw,female,False,True,True,61,True,no,True,no internet service,True,two year,mailed check,24.1,1551.6,no
1635-fjfcc,female,False,True,True,5,True,dsl,True,no,True,month-to-month,credit card (automatic),44.05,202.15,no
2499-ajyua,female,True,True,True,72,True,fiber optic,True,yes,True,two year,credit card (automatic),110.8,7882.25,no
6919-elbgl,male,True,True,True,72,True,fiber optic,True,yes,True,two year,bank transfer (automatic),114.95,8196.4,no
3966-hrmza,female,True,True,True,3,True,fiber optic,True,no,True,month-to-month,mailed check,75.05,202.9,no
6425-jwtdv,male,False,True,True,48,True,no,True,no internet service,True,two year,mailed check,19.25,855.1,no
8405-igqfx,female,False,True,True,63,True,fiber optic,True,yes,True,one year,credit card (automatic),90.05,5817.0,no
8224-ivvpa,female,False,True,True,27,True,dsl,True,no,True,month-to-month,mailed check,56.7,1652.95,no
9477-lgwqi,male,False,True,True,70,True,dsl,True,no,True,two year,credit card (automatic),80.15,5600.15,no
1410-rscmr,male,False,True,True,7,True,dsl,True,yes,True,month-to-month,credit card (automatic),71.35,515.75,no
3115-czmzd,male,False,True,True,0,True,no,True,no internet service,True,two year,mailed check,20.25,40.5,no
0139-ivfjg,female,False,True,True,2,True,fiber optic,True,no,True,month-to-month,electronic check,90.35,190.5,no
6683-vlctz,male,True,True,True,20,True,fiber optic,True,no,True,month-to-month,electronic check,98.55,1842.8,yes
5730-dbdsi,male,False,True,True,66,True,no,True,no internet service,True,two year,bank transfer (automatic),19.7,1253.8,no
0030-fnxpp,female,False,True,True,3,True,no,True,no internet service,True,month-to-month,mailed check,19.85,57.2,no
2189-wwoew,female,False,True,True,15,True,fiber optic,True,no,True,month-to-month,bank transfer (automatic),85.9,1269.55,yes
5684-fjvyr,female,False,True,True,72,True,fiber optic,True,yes,True,two year,bank transfer (automatic),90.35,6563.4,no
4013-guxnd,male,False,True,True,1,True,no,True,no internet service,True,month-to-month,mailed check,20.8,20.8,no
1894-igfsg,female,False,True,True,22,True,fiber optic,True,no,True,month-to-month,electronic check,89.25,1907.85,yes
7379-pokdz,male,False,True,True,3,True,fiber optic,True,no,True,month-to-month,electronic check,70.3,208.85,yes
1266-nzyui,female,False,True,True,72,True,dsl,True,yes,True,two year,bank transfer (automatic),66.85,4758.8,no
7969-ffowg,male,False,True,True,65,True,no,True,no internet service,True,two year,mailed check,19.9,1292.6,no
4718-dhsmv,female,False,True,True,11,True,dsl,True,no,True,month-to-month,mailed check,35.8,363.15,no
5175-wlyxl,male,False,True,True,22,True,fiber optic,True,no,True,month-to-month,mailed check,78.85,1600.25,no
7817-omjna,male,False,True,True,14,True,no,True,no internet service,True,one year,bank transfer (automatic),20.4,275.7,no
8728-skjlr,male,False,True,True,41,True,fiber optic,True,yes,True,month-to-month,electronic check,74.25,3089.1,no
3137-nyqqi,male,False,True,True,17,True,dsl,True,no,True,one year,mailed check,64.8,1175.6,no
7706-dznkk,male,False,True,True,11,True,no,True,no internet service,True,month-to-month,credit card (automatic),20.45,237.3,no
0236-hfwsv,male,False,True,True,15,True,fiber optic,True,no,True,month-to-month,electronic check,93.35,1444.65,yes
3900-aqphz,female,False,True,True,1,True,no,True,no internet service,True,month-to-month,mailed check,19.9,19.9,yes
5842-pocop,female,False,True,True,5,True,fiber optic,True,no,True,month-to-month,mailed check,88.9,454.15,yes
2037-xjfup,male,False,True,True,33,True,fiber optic,True,no,True,one year,electronic check,95.8,3036.75,yes
8823-rlpwl,female,False,True,True,72,True,fiber optic,True,no,True,two year,credit card (automatic),110.65,8065.65,no
9505-sqfsw,female,False,True,True,3,True,dsl,True,no,True,month-to-month,mailed check,40.3,92.5,no
7314-oxenn,male,False,True,True,2,True,fiber optic,True,no,True,month-to-month,electronic check,82.0,184.65,yes
3758-ckoql,female,False,True,True,59,True,fiber optic,True,yes,True,one year,credit card (automatic),107.0,6152.3,no
0322-chqru,male,False,True,True,2,True,dsl,True,no,True,month-to-month,electronic check,45.35,89.5,yes
5676-cflyy,male,False,True,True,71,True,dsl,True,yes,True,two year,credit card (automatic),73.35,5154.5,no
7521-afhab,female,False,True,True,5,True,dsl,True,no,True,month-to-month,mailed check,44.8,220.45,no
0285-inhln,male,False,True,True,27,True,dsl,True,no,True,month-to-month,credit card (automatic),54.75,1510.3,no
4678-dvqeo,female,False,True,True,1,True,dsl,True,yes,True,month-to-month,electronic check,52.2,52.2,yes
5125-cndsp,male,False,True,True,63,True,dsl,True,yes,True,one year,bank transfer (automatic),40.6,2588.95,no
0691-ifbqw,female,True,True,True,46,True,fiber optic,True,no,True,one year,electronic check,110.0,4874.8,yes
4992-ltjne,male,False,True,True,72,True,dsl,True,no,True,two year,bank transfer (automatic),55.3,3983.6,no
2202-outmo,female,False,True,True,34,True,dsl,True,yes,True,month-to-month,bank transfer (automatic),60.85,2003.6,no
0810-bdhaw,female,False,True,True,24,True,dsl,True,no,True,one year,electronic check,78.4,1832.4,no
0229-lfjaf,male,False,True,True,72,True,dsl,True,yes,True,two year,bank transfer (automatic),69.65,4908.25,no
7131-zqznk,female,False,True,True,60,True,dsl,True,yes,True,two year,credit card (automatic),59.85,3590.2,no
3442-zhhcc,male,False,True,True,68,True,dsl,True,no,True,one year,credit card (automatic),76.9,5023.0,no
5726-cvnya,female,False,True,True,8,True,no,True,no internet service,True,two year,mailed check,19.85,146.6,no
9871-eleya,female,False,True,True,34,True,dsl,True,yes,True,two year,credit card (automatic),67.65,2339.3,no
4257-gaesd,female,False,True,True,6,True,dsl,True,no,True,month-to-month,credit card (automatic),45.0,298.7,no
5173-wxoqv,male,False,True,True,2,True,dsl,True,yes,True,month-to-month,mailed check,64.2,143.65,no
2040-obmlj,male,False,True,True,31,True,fiber optic,True,yes,True,one year,credit card (automatic),81.7,2548.65,no
6286-zhaok,female,False,True,True,20,True,no,True,no internet service,True,month-to-month,bank transfer (automatic),25.55,507.4,no
3807-xhcjh,female,False,True,True,1,True,no,True,no internet service,True,month-to-month,electronic check,20.0,20.0,no
3009-jwmpu,male,False,True,True,62,True,fiber optic,True,no,True,one year,electronic check,96.75,6125.4,yes
5671-rqrlp,female,True,True,True,70,True,fiber optic,True,no,True,two year,credit card (automatic),75.65,5411.4,no
1450-galxr,female,False,True,True,10,True,fiber optic,True,yes,True,month-to-month,electronic check,98.5,1058.25,yes
8859-axjzp,male,False,True,True,39,True,no,True,no internet service,True,two year,mailed check,23.8,903.8,no
3174-akmas,female,False,True,True,46,True,dsl,True,yes,True,two year,credit card (automatic),64.2,3009.5,no
3138-bkyav,male,False,True,True,6,True,fiber optic,True,no,True,month-to-month,electronic check,85.35,489.45,yes
9926-pjhdq,female,False,True,True,72,True,dsl,True,no,True,two year,bank transfer (automatic),76.8,5468.45,no
7382-dfjtu,male,False,True,True,18,True,dsl,True,yes,True,month-to-month,credit card (automatic),55.2,1058.1,no
2798-nylmz,male,False,True,True,71,True,fiber optic,True,yes,True,two year,credit card (automatic),108.55,7616.0,no
4289-dtdkw,male,False,True,True,40,True,fiber optic,True,no,True,month-to-month,electronic check,101.3,4113.1,yes
1820-tqvev,male,False,True,True,1,True,fiber optic,True,no,True,month-to-month,electronic check,69.55,69.55,yes
2239-jalaw,male,False,True,True,58,True,fiber optic,True,no,True,one year,bank transfer (automatic),103.25,6017.65,yes
4853-rulsv,male,False,True,True,70,True,fiber optic,True,yes,True,two year,credit card (automatic),104.0,7250.15,yes
8098-tdcbu,female,False,True,True,42,True,no,True,no internet service,True,two year,electronic check,25.25,1108.2,no
3551-gaegl,male,False,True,True,34,True,dsl,True,no,True,one year,bank transfer (automatic),30.4,938.65,no
4785-nkhcx,male,True,True,True,5,True,no,True,no internet service,True,month-to-month,bank transfer (automatic),20.05,94.15,no
3196-nvxlz,female,False,True,True,25,True,fiber optic,True,no,True,month-to-month,mailed check,84.6,2088.05,no
6275-yduvo,female,False,True,True,2,True,fiber optic,True,no,True,month-to-month,mailed check,86.2,178.7,yes
0036-ihmot,female,False,True,True,55,True,fiber optic,True,yes,True,one year,bank transfer (automatic),103.7,5656.75,no
0115-tfert,male,False,True,True,21,True,fiber optic,True,yes,True,month-to-month,electronic check,111.2,2317.1,yes
4178-egmon,male,False,True,True,70,True,fiber optic,True,yes,True,two year,credit card (automatic),88.0,5986.45,no
4220-tinqt,female,False,True,True,61,True,fiber optic,True,yes,True,month-to-month,electronic check,106.35,6751.35,no
5318-ykdpv,male,False,True,True,43,True,dsl,True,yes,True,two year,credit card (automatic),79.15,3566.6,no
7975-tzmlr,male,False,True,True,47,True,fiber optic,True,no,True,one year,electronic check,103.1,4889.3,no
0295-qvkpb,male,False,True,True,5,True,dsl,True,yes,True,month-to-month,credit card (automatic),63.95,318.1,no
4335-bsmjs,female,False,True,True,62,True,no,True,no internet service,True,two year,credit card (automatic),25.8,1563.95,no
2311-qymuq,female,False,True,True,16,True,fiber optic,True,no,True,month-to-month,credit card (automatic),89.45,1430.25,yes
3643-ahcfp,male,True,True,True,7,True,fiber optic,True,no,True,month-to-month,bank transfer (automatic),95.6,644.35,yes
9146-jriox,female,False,True,True,14,True,no,True,no internet service,True,month-to-month,mailed check,25.55,372.45,no
3104-owcgk,male,False,True,True,60,True,fiber optic,True,no,True,one year,electronic check,90.95,5453.4,yes
5337-iiwkz,male,False,True,True,34,True,dsl,True,yes,True,month-to-month,electronic check,44.85,1442.6,no
9101-bwfss,female,False,True,True,50,True,fiber optic,True,yes,True,one year,electronic check,108.55,5610.7,yes
9650-vbuog,male,False,True,True,38,True,no,True,no internet service,True,two year,credit card (automatic),25.05,963.95,no
3487-earat,female,False,True,True,70,True,dsl,True,yes,True,one year,credit card (automatic),74.1,5222.3,no
2672-tgeff,female,False,True,True,37,True,fiber optic,True,no,True,month-to-month,electronic check,88.8,3340.55,no
9231-zjyam,female,True,True,True,4,True,fiber optic,True,no,True,month-to-month,electronic check,78.85,292.8,yes
4250-waroz,male,True,True,True,60,True,fiber optic,True,no,True,month-to-month,electronic check,93.25,5774.55,no
8184-wmofi,male,False,True,True,62,True,dsl,True,yes,True,one year,credit card (automatic),71.4,4487.3,no
6982-sshfk,male,False,True,True,1,True,dsl,True,no,True,month-to-month,mailed check,44.4,44.4,yes
6092-qzvpp,male,False,True,True,36,True,dsl,True,yes,True,month-to-month,credit card (automatic),79.2,2854.95,no
4625-lamob,male,False,True,True,44,True,no,True,no internet service,True,two year,credit card (automatic),20.4,905.55,no
0727-bmplr,female,True,True,True,55,True,fiber optic,True,no,True,one year,electronic check,100.0,5509.3,yes
0392-bziuw,female,False,True,True,72,True,fiber optic,True,no,True,two year,credit card (automatic),105.0,7589.8,no
1038-zagbi,female,False,True,True,12,True,no,True,no internet service,True,one year,bank transfer (automatic),19.8,229.6,yes
6549-nndyt,female,False,True,True,13,True,dsl,True,no,True,month-to-month,bank transfer (automatic),30.85,394.1,no
3027-ztdho,male,False,True,True,1,True,fiber optic,True,no,True,month-to-month,electronic check,89.9,89.9,yes
0422-ohqhq,female,False,True,True,15,True,no,True,no internet service,True,one year,mailed check,20.55,295.95,no
6916-hijse,female,False,True,True,65,True,dsl,True,yes,True,two year,bank transfer (automatic),84.85,5459.2,no
2316-esmls,female,False,True,True,12,True,dsl,True,yes,True,one year,credit card (automatic),33.15,444.75,no
9778-ogkqz,male,False,True,True,72,True,dsl,True,yes,True,two year,credit card (automatic),92.0,6782.15,no
7408-ofwxj,female,False,True,True,72,True,dsl,True,yes,True,two year,credit card (automatic),89.8,6510.45,no
6007-tctst,female,False,True,True,72,True,fiber optic,True,yes,True,two year,bank transfer (automatic),115.8,8476.5,no
2252-nknsi,male,False,True,True,52,True,dsl,True,yes,True,two year,mailed check,85.15,4461.85,no
8713-igzso,male,False,True,True,2,True,no,True,no internet service,True,month-to-month,mailed check,24.85,62.0,no
7905-tvxta,female,False,True,True,5,True,dsl,True,yes,True,month-to-month,electronic check,64.35,352.65,no
7695-pklcz,female,False,True,True,68,True,no,True,no internet service,True,two year,credit card (automatic),20.5,1424.9,no
2382-bckqj,female,False,True,True,62,True,fiber optic,True,no,True,one year,electronic check,100.15,6413.65,yes
8374-uulrv,male,False,True,True,72,True,dsl,True,yes,True,two year,credit card (automatic),86.05,6309.65,no
2207-nhrjk,male,False,True,True,1,True,dsl,True,no,True,month-to-month,electronic check,50.8,50.8,yes
3224-dfqnq,female,False,True,True,66,True,fiber optic,True,yes,True,one year,electronic check,89.0,5898.6,no
5275-pmfut,male,False,True,True,72,True,dsl,True,yes,True,two year,credit card (automatic),64.8,4719.75,no
4795-uxvcj,male,False,True,True,26,True,no,True,no internet service,True,one year,credit card (automatic),19.8,457.3,no
9777-iqhwp,male,False,True,True,64,True,fiber optic,True,no,True,two year,bank transfer (automatic),93.4,5822.3,no
0947-mugvo,male,True,True,True,20,True,fiber optic,True,no,True,month-to-month,electronic check,73.65,1463.5,yes
9944-hkvvb,female,False,True,True,3,True,fiber optic,True,no,True,month-to-month,electronic check,95.1,307.4,yes
4124-mmetb,male,False,True,True,22,True,fiber optic,True,no,True,month-to-month,credit card (automatic),94.65,2104.55,yes
3671-shrsp,male,False,True,True,4,True,fiber optic,True,yes,True,month-to-month,mailed check,80.6,319.15,yes
0979-mozqi,male,False,True,True,62,True,dsl,True,yes,True,two year,bank transfer (automatic),39.0,2337.45,no
2732-isezx,female,False,True,True,5,True,no,True,no internet service,True,month-to-month,mailed check,20.5,104.3,no
3313-qknkb,male,False,True,True,59,True,fiber optic,True,no,True,one year,electronic check,85.55,5084.65,yes
0323-xwwtn,male,False,True,True,3,True,no,True,no internet service,True,two year,mailed check,26.4,121.25,no
1937-otuky,female,False,True,True,72,True,fiber optic,True,yes,True,two year,bank transfer (automatic),98.2,7015.9,no
1573-lgxba,male,False,True,True,57,True,fiber optic,True,no,True,one year,credit card (automatic),97.55,5598.0,no
1764-vuumt,male,False,True,True,66,True,no,True,no internet service,True,two year,credit card (automatic),19.95,1269.1,no
5073-wxoyn,female,False,True,True,60,True,dsl,True,no,True,month-to-month,electronic check,50.8,3027.4,yes
4713-zburt,male,False,True,True,45,True,fiber optic,True,no,True,two year,bank transfer (automatic),99.7,4634.35,no
3050-gbush,female,False,True,True,3,True,dsl,True,no,True,month-to-month,credit card (automatic),34.8,113.95,no
0207-mdknv,female,False,True,True,15,True,fiber optic,True,yes,True,month-to-month,electronic check,105.1,1582.75,yes
7876-aehig,female,False,True,True,51,True,dsl,True,yes,True,one year,bank transfer (automatic),60.15,3077.0,no
7945-hlkea,female,False,True,True,60,True,dsl,True,yes,True,one year,electronic check,64.75,4039.5,no
9342-vnimq,male,False,True,True,33,True,dsl,True,no,True,month-to-month,bank transfer (automatic),54.65,1665.2,no
9851-kielu,male,False,True,True,10,True,fiber optic,True,yes,True,month-to-month,electronic check,110.1,1043.3,yes
3523-brguw,male,True,True,True,26,True,no,True,no internet service,True,one year,credit card (automatic),19.3,504.2,no
3908-blsyf,female,False,True,True,6,True,fiber optic,True,no,True,month-to-month,electronic check,83.9,497.55,yes
3199-npkcn,female,False,True,True,67,True,fiber optic,True,yes,True,one year,electronic check,111.25,7511.65,no
5170-ptrka,female,False,True,True,49,True,dsl,True,yes,True,one year,credit card (automatic),35.8,1782.0,no
4661-njeux,male,False,True,True,1,True,no,True,no internet service,True,month-to-month,mailed check,20.05,20.05,no
2123-ageen,female,True,True,True,7,True,fiber optic,True,no,True,month-to-month,electronic check,84.35,609.65,no
1258-ymznm,female,True,True,True,27,True,fiber optic,True,no,True,one year,bank transfer (automatic),110.5,2857.6,no
0048-lumls,male,False,True,True,37,True,fiber optic,True,no,True,one year,credit card (automatic),91.2,3247.55,no
7549-mygpk,female,False,True,True,63,True,fiber optic,True,no,True,month-to-month,electronic check,100.55,6215.35,yes
5898-igslp,male,False,True,True,31,True,fiber optic,True,yes,True,month-to-month,electronic check,89.3,2823.0,no
3804-rvtgv,male,False,True,True,50,True,fiber optic,True,no,True,month-to-month,bank transfer (automatic),103.85,5017.9,yes
6259-wjqlc,male,True,True,True,32,True,fiber optic,True,no,True,month-to-month,credit card (automatic),81.1,2619.25,no
9227-lunbg,female,False,True,True,1,True,dsl,True,no,True,month-to-month,electronic check,24.6,24.6,yes
7997-eassd,female,False,True,True,63,True,fiber optic,True,yes,True,one year,credit card (automatic),81.2,4965.1,no
0730-koave,male,False,True,True,30,True,fiber optic,True,no,True,month-to-month,credit card (automatic),94.3,2679.7,no
8975-skgrx,male,False,True,True,71,True,fiber optic,True,yes,True,two year,bank transfer (automatic),116.1,8310.55,no
0678-rlhvp,female,False,True,True,53,True,fiber optic,True,no,True,two year,electronic check,105.55,5682.25,no
4315-murbd,female,False,True,True,12,True,fiber optic,True,yes,True,month-to-month,bank transfer (automatic),98.9,1120.95,yes
2267-fpima,male,False,True,True,50,True,fiber optic,True,no,True,month-to-month,credit card (automatic),94.4,4914.9,no
1051-gejlj,female,False,True,True,2,True,no,True,no internet service,True,month-to-month,mailed check,19.5,27.55,no
9734-ywgex,female,False,True,True,9,True,fiber optic,True,no,True,month-to-month,credit card (automatic),98.3,923.5,yes
2719-bdaqo,male,False,True,True,17,True,fiber optic,True,no,True,month-to-month,electronic check,93.85,1625.65,yes
5285-mvehd,female,False,True,True,56,True,fiber optic,True,no,True,one year,credit card (automatic),105.6,6068.65,no
0379-djqhr,male,False,True,True,67,True,dsl,True,no,True,two year,credit card (automatic),81.35,5398.6,no
0781-lkxbr,male,True,True,True,9,True,fiber optic,True,no,True,month-to-month,electronic check,100.5,918.6,yes
5543-qdcry,male,False,True,True,4,True,dsl,True,no,True,month-to-month,electronic check,56.4,234.85,no
0297-rbcsg,male,False,True,True,19,True,dsl,True,yes,True,one year,bank transfer (automatic),65.35,1231.85,no
4694-phwfw,female,False,True,True,8,True,no,True,no internet service,True,month-to-month,mailed check,19.95,170.9,no
0835-jkadz,female,False,True,True,71,True,fiber optic,True,yes,True,two year,electronic check,111.25,7984.15,no
1907-ubqfc,male,True,True,True,10,True,fiber optic,True,no,True,month-to-month,electronic check,72.85,688.65,yes
7508-smhxl,female,True,True,True,15,True,fiber optic,True,no,True,month-to-month,credit card (automatic),89.0,1288.3,no
3865-yiott,male,False,True,True,72,True,fiber optic,True,no,True,one year,bank transfer (automatic),106.1,7848.5,no
5993-bqhea,male,False,True,True,12,True,no,True,no internet service,True,one year,credit card (automatic),20.05,267.0,no
6024-ruggh,male,False,True,True,72,True,no,True,no internet service,True,two year,bank transfer (automatic),25.2,1798.9,no
6513-eecdb,male,True,True,True,1,True,fiber optic,True,no,True,month-to-month,electronic check,73.55,73.55,yes
3956-cjust,female,True,True,True,23,True,fiber optic,True,no,True,month-to-month,bank transfer (automatic),75.4,1643.55,no
4079-wwqqq,male,False,True,True,72,True,dsl,True,yes,True,two year,bank transfer (automatic),65.55,4807.45,no
6103-bocou,female,False,True,True,26,True,fiber optic,True,no,True,month-to-month,electronic check,80.7,2193.0,no
5149-tgwdz,female,False,True,True,21,True,fiber optic,True,yes,True,one year,mailed check,104.55,2239.4,no
7471-wnsuf,male,False,True,True,60,True,no,True,no internet service,True,one year,bank transfer (automatic),24.15,1505.9,no
8942-dbmhz,male,False,True,True,12,True,no,True,no internet service,True,month-to-month,mailed check,20.45,255.35,no
4301-vvzka,male,False,True,True,16,True,fiber optic,True,no,True,month-to-month,electronic check,75.4,1189.4,no
9199-pwqvc,female,False,True,True,63,True,dsl,True,no,True,one year,credit card (automatic),79.7,4786.15,no
4824-gucby,female,True,True,True,22,True,fiber optic,True,no,True,month-to-month,electronic check,81.7,1820.9,no
5393-hjzsm,female,False,True,True,32,True,dsl,True,yes,True,month-to-month,bank transfer (automatic),76.3,2404.15,no
7074-ievoj,female,True,True,True,3,True,fiber optic,True,no,True,month-to-month,electronic check,79.4,205.05,yes
9625-qstye,female,False,True,True,13,True,fiber optic,True,no,True,month-to-month,electronic check,81.15,952.3,yes
0862-prcbs,female,False,True,True,68,True,fiber optic,True,yes,True,two year,credit card (automatic),103.75,7039.45,no
8812-zrhfp,female,False,True,True,30,True,fiber optic,True,no,True,one year,electronic check,86.45,2538.05,no
5146-cbvoe,female,False,True,True,16,True,fiber optic,True,no,True,month-to-month,bank transfer (automatic),75.1,1212.85,no
0454-okrct,male,False,True,True,33,True,fiber optic,True,yes,True,two year,bank transfer (automatic),80.6,2651.1,no
5787-kxgiy,male,False,True,True,72,True,no,True,no internet service,True,two year,credit card (automatic),19.3,1304.8,no
4750-zrxiu,female,True,True,True,4,True,fiber optic,True,no,True,month-to-month,electronic check,84.6,360.1,yes
4198-vfoea,female,False,True,True,12,True,dsl,True,yes,True,one year,mailed check,33.6,435.45,no
6630-ujzmy,female,True,True,True,4,True,fiber optic,True,no,True,month-to-month,electronic check,83.25,308.05,no
5709-lvoeq,female,False,True,True,0,True,dsl,True,no,True,two year,mailed check,80.85,80.85,no
6400-bwqkw,female,False,True,True,6,True,fiber optic,True,no,True,month-to-month,electronic check,79.05,434.5,yes
2692-aqcpf,female,False,True,True,65,True,fiber optic,True,yes,True,one year,credit card (automatic),108.05,7118.9,no
0347-ubkuz,female,False,True,True,15,True,no,True,no internet service,True,month-to-month,mailed check,19.9,320.45,no
0835-duuiq,female,False,True,True,24,True,no,True,no internet service,True,one year,bank transfer (automatic),21.05,531.55,no
0811-gsdtp,female,False,True,True,13,True,dsl,True,no,True,month-to-month,electronic check,30.15,382.2,no
7567-ecmcm,male,False,True,True,24,True,fiber optic,True,no,True,month-to-month,credit card (automatic),79.85,2001.0,no
6115-ztbfq,female,False,True,True,72,True,dsl,True,yes,True,two year,bank transfer (automatic),65.5,4919.7,no
6353-brmma,female,False,True,True,54,True,fiber optic,True,no,True,month-to-month,bank transfer (automatic),104.1,5645.8,no
6680-wkxrz,female,False,True,True,3,True,fiber optic,True,no,True,month-to-month,bank transfer (automatic),74.4,215.8,yes
6231-wfgfh,male,False,True,True,4,True,no,True,no internet service,True,month-to-month,mailed check,20.5,77.6,no
9904-ehevj,female,True,True,True,32,True,fiber optic,True,no,True,month-to-month,mailed check,91.35,2896.55,no
7028-dvoiq,male,True,True,True,35,True,fiber optic,True,no,True,month-to-month,electronic check,99.05,3395.8,yes
6169-ppetc,male,False,True,True,35,True,no,True,no internet service,True,two year,bank transfer (automatic),20.5,759.35,no
4208-uffgw,male,True,True,True,2,True,dsl,True,no,True,month-to-month,mailed check,44.95,85.15,yes
8584-kmvxd,female,False,True,True,8,True,fiber optic,True,no,True,month-to-month,electronic check,75.6,535.55,no
8467-wynsr,male,False,True,True,22,True,dsl,True,yes,True,month-to-month,mailed check,55.1,1253.15,no
0851-dfjkb,female,False,True,True,15,True,dsl,True,yes,True,month-to-month,electronic check,58.95,955.15,no
5382-soyzl,male,False,True,True,22,True,fiber optic,True,no,True,month-to-month,electronic check,95.1,2162.6,no
9448-reevd,male,False,True,True,1,True,dsl,True,no,True,month-to-month,credit card (automatic),44.7,44.7,yes
3261-cqxol,female,False,True,True,71,True,no,True,no internet service,True,two year,bank transfer (automatic),25.45,1813.35,no
8388-fynpz,male,False,True,True,4,True,dsl,True,no,True,month-to-month,electronic check,56.75,245.15,no
4002-bqwpq,male,False,True,True,25,True,dsl,True,yes,True,month-to-month,bank transfer (automatic),81.75,2028.8,no
5651-ylprd,female,False,True,True,32,True,fiber optic,True,no,True,month-to-month,electronic check,86.1,2723.75,no
2826-dxlqo,male,True,True,True,7,True,dsl,True,no,True,month-to-month,bank transfer (automatic),29.8,220.45,no
4378-bzyfp,male,False,True,True,17,True,no,True,no internet service,True,one year,mailed check,20.5,365.8,no
9489-utfka,male,True,True,True,8,True,dsl,True,no,True,month-to-month,bank transfer (automatic),60.9,551.95,no
4849-pyrlq,female,True,True,True,56,True,dsl,True,yes,True,two year,bank transfer (automatic),73.25,4054.2,no
9117-shlzx,male,False,True,True,1,True,dsl,True,no,True,month-to-month,mailed check,45.7,45.7,yes
9889-tmahg,male,True,True,True,8,True,fiber optic,True,yes,True,month-to-month,credit card (automatic),100.3,832.35,yes
4541-rmrlg,male,False,True,True,7,True,no,True,no internet service,True,month-to-month,electronic check,19.25,112.3,yes
7764-bdpee,male,False,True,True,3,True,no,True,no internet service,True,month-to-month,mailed check,20.85,60.65,no
3429-iflem,female,False,True,True,71,True,dsl,True,yes,True,two year,credit card (automatic),77.35,5550.1,no
3158-moerk,female,False,True,True,2,True,fiber optic,True,no,True,month-to-month,electronic check,96.0,174.8,yes
7294-tmaop,female,False,True,True,1,True,fiber optic,True,no,True,month-to-month,electronic check,90.55,90.55,yes
5002-gcqfh,male,False,True,True,49,True,fiber optic,True,no,True,month-to-month,bank transfer (automatic),93.85,4733.1,no
0556-fjegu,male,False,True,True,58,True,dsl,True,yes,True,two year,bank transfer (automatic),70.1,4048.95,no
8919-fyfqz,male,True,True,True,44,True,dsl,True,no,True,month-to-month,electronic check,30.35,1359.7,yes
0604-thjfp,female,False,True,True,59,True,dsl,True,yes,True,two year,credit card (automatic),75.95,4542.35,no
2834-jrtua,male,False,True,True,71,True,fiber optic,True,yes,True,two year,electronic check,108.05,7532.15,yes
5875-ypqfj,male,False,True,True,1,True,fiber optic,True,no,True,month-to-month,electronic check,69.9,69.9,yes
5879-sesnb,female,False,True,True,11,True,fiber optic,True,no,True,month-to-month,electronic check,75.25,888.65,no
6646-qvxlr,male,True,True,True,62,True,fiber optic,True,no,True,one year,electronic check,103.75,6383.35,yes
6461-ppaxn,female,False,True,True,35,True,dsl,True,yes,True,one year,bank transfer (automatic),54.95,1916.0,no
3318-isqfq,female,False,True,True,20,True,no,True,no internet service,True,month-to-month,bank transfer (automatic),19.5,413.0,no
1106-hrlkz,male,False,True,True,40,True,no,True,no internet service,True,two year,mailed check,19.6,808.95,no
2483-xssmz,female,False,True,True,39,True,dsl,True,no,True,one year,electronic check,47.85,1886.4,no
8603-ijwdn,male,False,True,True,1,True,fiber optic,True,no,True,month-to-month,electronic check,86.6,86.6,yes
8165-zjrnm,female,False,True,True,72,True,no,True,no internet service,True,two year,bank transfer (automatic),23.75,1679.25,no
9369-xfehk,female,True,True,True,33,True,fiber optic,True,no,True,month-to-month,bank transfer (automatic),80.6,2656.5,yes
2604-xvdam,female,False,True,True,12,True,dsl,True,no,True,month-to-month,bank transfer (automatic),43.8,540.95,no
3717-ofrtn,male,False,True,True,1,True,no,True,no internet service,True,month-to-month,bank transfer (automatic),19.75,19.75,no
9046-jbfwa,male,False,True,True,27,True,no,True,no internet service,True,month-to-month,mailed check,19.15,537.35,no
3280-nmuvx,male,False,True,True,34,True,no,True,no internet service,True,one year,credit card (automatic),19.6,678.8,no
1206-ehbdd,female,False,True,True,56,True,fiber optic,True,no,True,two year,bank transfer (automatic),80.3,4513.65,no
8361-lbrdi,female,False,True,True,58,True,no,True,no internet service,True,two year,credit card (automatic),24.35,1423.85,no
4883-kcpzj,female,False,True,True,22,True,no,True,no internet service,True,two year,credit card (automatic),25.25,555.4,no
9108-eqpnq,female,False,True,True,10,True,no,True,no internet service,True,two year,credit card (automatic),26.1,225.55,no
7277-kamwt,male,False,True,True,13,True,no,True,no internet service,True,two year,credit card (automatic),20.0,268.45,no
3842-iykue,female,False,True,True,35,True,fiber optic,True,yes,True,month-to-month,credit card (automatic),85.3,2917.5,yes
6641-xrpsu,female,False,True,True,34,True,fiber optic,True,no,True,month-to-month,credit card (automatic),70.0,2416.1,yes
1374-dmzui,female,True,True,True,4,True,fiber optic,True,no,True,month-to-month,electronic check,94.3,424.45,yes
2545-lxyvj,male,False,True,True,72,True,no,True,no internet service,True,two year,bank transfer (automatic),20.7,1492.1,no
3234-vkacu,male,False,True,True,2,True,dsl,True,yes,True,month-to-month,electronic check,70.3,132.4,no
8357-eqxfo,female,False,True,True,7,True,fiber optic,True,no,True,month-to-month,electronic check,95.35,660.9,yes
1989-prjhp,male,True,True,True,27,True,fiber optic,True,no,True,month-to-month,electronic check,75.5,1893.95,yes
8120-jdcam,male,False,True,True,4,True,fiber optic,True,no,True,month-to-month,mailed check,69.55,284.9,no
8917-faemr,female,False,True,True,37,True,no,True,no internet service,True,two year,mailed check,19.85,784.25,no
7047-yxdmz,male,False,True,True,21,True,no,True,no internet service,True,month-to-month,mailed check,20.0,417.7,no
2858-eimxh,female,True,True,True,53,True,fiber optic,True,no,True,one year,credit card (automatic),95.85,5016.25,no
9524-egpjc,female,False,True,True,18,True,fiber optic,True,yes,True,month-to-month,electronic check,90.1,1612.75,yes
6993-ohlxr,female,False,True,True,2,True,fiber optic,True,no,True,month-to-month,electronic check,68.95,119.75,yes
8818-xyfcq,male,False,True,True,32,True,fiber optic,True,no,True,month-to-month,credit card (automatic),99.55,3204.65,yes
6419-zttle,male,True,True,True,23,True,no,True,no internet service,True,one year,electronic check,20.75,485.2,no
0929-hyqew,male,False,True,True,3,True,dsl,True,no,True,month-to-month,mailed check,50.15,160.85,no
6614-yolac,female,False,True,True,71,True,dsl,True,yes,True,two year,mailed check,58.65,4145.25,no
7426-rhzgu,male,False,True,True,9,True,fiber optic,True,yes,True,month-to-month,bank transfer (automatic),95.9,827.45,no
4065-jjava,female,False,True,True,1,True,dsl,True,no,True,month-to-month,electronic check,49.5,49.5,no
4695-vadhf,male,False,True,True,18,True,dsl,True,no,True,month-to-month,electronic check,57.45,990.85,yes
3863-iubjr,male,False,True,True,12,True,dsl,True,no,True,one year,credit card (automatic),53.65,696.35,yes
7649-sijjf,male,False,True,True,71,True,dsl,True,yes,True,two year,mailed check,80.1,5585.4,no
9361-ynqwj,female,False,True,True,64,True,no,True,no internet service,True,one year,bank transfer (automatic),24.4,1601.2,no
3748-fvmzz,male,False,True,True,4,True,dsl,True,yes,True,month-to-month,electronic check,40.05,162.45,no
9391-ttoyh,female,False,True,True,23,True,no,True,no internet service,True,month-to-month,mailed check,19.5,470.2,no
1452-xrsjv,female,False,True,True,39,True,dsl,True,no,True,month-to-month,credit card (automatic),51.05,2066.0,no
3422-wjoyd,male,False,True,True,28,True,dsl,True,yes,True,one year,mailed check,54.35,1426.45,no
8242-soquo,female,True,True,True,5,True,fiber optic,True,no,True,month-to-month,electronic check,84.7,392.5,no
7460-itwwp,female,True,True,True,45,True,fiber optic,True,no,True,month-to-month,electronic check,86.1,3861.45,no
7147-aybaa,male,False,True,True,37,True,fiber optic,True,no,True,month-to-month,mailed check,70.35,2552.9,no
7868-tmwmz,female,True,True,True,60,True,fiber optic,True,yes,True,two year,bank transfer (automatic),110.0,6668.35,no
4822-rvybb,male,True,True,True,8,True,fiber optic,True,no,True,month-to-month,electronic check,100.6,819.4,yes
6732-fzugp,female,False,True,True,47,True,fiber optic,True,no,True,one year,credit card (automatic),94.9,4615.25,no
8436-bjumm,male,False,True,True,26,True,fiber optic,True,no,True,month-to-month,electronic check,83.75,2070.6,yes
4184-tjfan,female,True,True,True,3,True,fiber optic,True,yes,True,month-to-month,mailed check,88.3,273.75,yes
8329-gwvpj,female,False,True,True,50,True,fiber optic,True,no,True,month-to-month,bank transfer (automatic),69.75,3557.7,no
1352-vhkaj,male,False,True,True,27,True,dsl,True,yes,True,month-to-month,bank transfer (automatic),71.6,1957.1,no
4145-uqxuq,female,True,True,True,8,True,fiber optic,True,no,True,month-to-month,electronic check,92.1,729.95,yes
2632-tacxw,female,False,True,True,62,True,no,True,no internet service,True,two year,bank transfer (automatic),23.65,1416.75,no
8146-qqkzh,female,False,True,True,71,True,dsl,True,yes,True,two year,bank transfer (automatic),81.85,5924.4,no
1767-cjkba,male,False,True,True,66,True,no,True,no internet service,True,two year,mailed check,25.1,1697.7,no
6445-tnrxs,male,False,True,True,68,True,fiber optic,True,yes,True,two year,bank transfer (automatic),114.7,7849.85,no
4581-lnwum,female,False,True,True,13,True,dsl,True,no,True,month-to-month,electronic check,49.15,649.4,no
4869-epius,male,False,True,True,56,True,fiber optic,True,no,True,one year,electronic check,80.9,4557.5,no
9948-yptdg,male,False,True,True,38,True,fiber optic,True,no,True,month-to-month,electronic check,79.45,3013.05,yes
1236-wfcdv,male,True,True,True,14,True,fiber optic,True,no,True,month-to-month,credit card (automatic),90.45,1266.1,yes
1915-oakwd,female,False,True,True,16,True,no,True,no internet service,True,one year,bank transfer (automatic),19.3,360.35,no
7296-pixqy,female,False,True,True,14,True,fiber optic,True,no,True,month-to-month,electronic check,70.2,1046.5,no
4883-qicih,male,False,True,True,32,True,fiber optic,True,no,True,month-to-month,bank transfer (automatic),69.75,2347.9,yes
3354-oadjp,female,False,True,True,8,True,dsl,True,yes,True,one year,bank transfer (automatic),54.25,447.75,no
3524-wqdsg,female,False,True,True,43,True,fiber optic,True,no,True,month-to-month,bank transfer (automatic),99.3,4209.95,no
0810-dhdbd,female,False,True,True,52,True,dsl,True,yes,True,one year,credit card (automatic),74.0,3877.65,no
4026-skkhw,male,False,True,True,3,True,dsl,True,yes,True,month-to-month,mailed check,50.25,152.3,no
2829-hyvzp,male,False,True,True,29,True,no,True,no internet service,True,one year,mailed check,19.8,572.2,no
8329-ibcti,female,False,True,True,1,True,no,True,no internet service,True,month-to-month,mailed check,19.65,19.65,yes
1271-sjbgz,male,True,True,True,12,True,dsl,True,yes,True,month-to-month,electronic check,43.65,526.95,yes
3845-jhamy,female,False,True,True,16,True,dsl,True,no,True,month-to-month,credit card (automatic),35.5,552.7,no
7013-psxhk,female,False,True,True,40,True,dsl,True,yes,True,one year,mailed check,80.75,3208.65,no
5669-sraip,female,False,True,True,5,True,dsl,True,no,True,month-to-month,electronic check,39.5,210.75,yes
5981-itemu,male,False,True,True,40,True,fiber optic,True,no,True,month-to-month,bank transfer (automatic),97.1,3706.95,yes
3486-npgst,female,False,True,True,36,True,no,True,no internet service,True,one year,mailed check,19.55,620.75,no
6941-pmgep,female,False,True,True,5,True,fiber optic,True,no,True,month-to-month,electronic check,80.0,412.5,yes
1624-woiwj,female,False,True,True,10,True,fiber optic,True,no,True,month-to-month,mailed check,84.7,832.05,yes
2074-gkowz,male,False,True,True,2,True,fiber optic,True,no,True,month-to-month,bank transfer (automatic),89.55,185.55,yes
0376-ymcjc,male,False,True,True,23,True,fiber optic,True,yes,True,month-to-month,electronic check,90.6,1943.2,yes
6100-fjzdg,male,False,True,True,26,True,no,True,no internet service,True,one year,bank transfer (automatic),20.05,505.9,no
4829-zljtk,female,True,True,True,72,True,fiber optic,True,no,True,two year,electronic check,112.4,8046.85,no
1730-vfmwo,female,False,True,True,34,True,dsl,True,yes,True,month-to-month,bank transfer (automatic),50.2,1815.3,no
7143-bqiba,male,False,True,True,10,True,dsl,True,yes,True,month-to-month,bank transfer (automatic),62.25,612.95,no
3800-lytrk,female,False,True,True,14,True,dsl,True,yes,True,one year,mailed check,55.7,795.15,no
0634-szpqa,female,False,True,True,23,True,fiber optic,True,no,True,month-to-month,bank transfer (automatic),90.05,2169.8,yes
9646-nmhxe,male,False,True,True,47,True,no,True,no internet service,True,two year,mailed check,19.65,973.1,no
7030-njvdp,male,False,True,True,24,True,fiber optic,True,yes,True,month-to-month,electronic check,89.25,2210.2,no
5536-rtpwk,male,False,True,True,49,True,fiber optic,True,no,True,month-to-month,bank transfer (automatic),99.05,4853.75,yes
8883-grdwq,male,True,True,True,20,True,dsl,True,yes,True,one year,mailed check,54.0,1055.9,no
6166-ilmny,female,False,True,True,2,True,fiber optic,True,no,True,month-to-month,bank transfer (automatic),69.75,144.55,yes
3097-nnspb,female,False,True,True,2,True,dsl,True,no,True,month-to-month,credit card (automatic),49.05,91.1,yes
7771-zonat,male,False,True,True,22,True,dsl,True,yes,True,two year,bank transfer (automatic),56.75,1304.85,no
0655-rbdug,male,False,True,True,7,True,fiber optic,True,no,True,month-to-month,bank transfer (automatic),98.05,713.0,yes
2111-dwyhn,male,False,True,True,1,True,no,True,no internet service,True,month-to-month,mailed check,21.1,21.1,no
4194-whfcb,female,False,True,True,59,True,fiber optic,True,yes,True,month-to-month,bank transfer (automatic),96.65,5580.8,no
4121-agsin,female,False,True,True,58,True,no,True,no internet service,True,one year,credit card (automatic),24.5,1497.9,no
4361-bkaxe,female,False,True,True,41,True,fiber optic,True,yes,True,month-to-month,bank transfer (automatic),114.5,4527.45,yes
9845-peeko,female,True,True,True,59,True,fiber optic,True,no,True,two year,credit card (automatic),79.2,4590.35,no
0455-xfass,female,False,True,True,3,True,fiber optic,True,no,True,month-to-month,electronic check,69.55,200.2,no
0301-kobtq,male,False,True,True,32,True,no,True,no internet service,True,two year,bank transfer (automatic),20.05,614.45,no
1751-ncdli,male,True,True,True,46,True,fiber optic,True,no,True,month-to-month,electronic check,98.85,4564.9,no
4367-nuyao,male,False,True,True,0,True,no,True,no internet service,True,two year,mailed check,25.75,25.75,no
9878-tnqgw,male,False,True,True,2,True,fiber optic,True,no,True,month-to-month,electronic check,80.95,171.15,yes
9170-arbtb,female,False,True,True,52,True,no,True,no internet service,True,one year,credit card (automatic),19.6,1012.4,no
4441-nihpt,female,True,True,True,13,True,fiber optic,True,no,True,month-to-month,electronic check,74.3,940.35,yes
8999-bohse,female,True,True,True,11,True,fiber optic,True,no,True,month-to-month,bank transfer (automatic),89.7,1047.7,yes
7241-ajhfs,male,False,True,True,32,True,fiber optic,True,yes,True,month-to-month,bank transfer (automatic),87.65,2766.4,no
7029-rpuav,male,True,True,True,17,True,fiber optic,True,no,True,month-to-month,credit card (automatic),100.45,1622.45,yes
4546-fokwr,female,False,True,True,16,True,fiber optic,True,no,True,month-to-month,credit card (automatic),74.75,1129.35,no
9036-cskbw,female,False,True,True,51,True,fiber optic,True,no,True,one year,bank transfer (automatic),107.45,5680.9,no
5832-trlpb,male,False,True,True,29,True,dsl,True,yes,True,one year,bank transfer (automatic),75.35,2243.9,no
8590-yffqo,male,False,True,True,70,True,dsl,True,yes,True,two year,credit card (automatic),64.95,4523.25,no
8659-ioopu,female,False,True,True,71,True,fiber optic,True,yes,True,two year,electronic check,100.45,7159.7,no
1338-cecee,male,False,True,True,41,True,dsl,True,no,True,one year,bank transfer (automatic),68.5,2839.95,no
7439-dkztw,male,False,True,True,1,True,fiber optic,True,no,True,month-to-month,electronic check,80.55,80.55,no
4646-qzxtf,female,False,True,True,7,True,dsl,True,yes,True,month-to-month,bank transfer (automatic),81.25,580.1,no
4607-chpca,male,False,True,True,25,True,fiber optic,True,no,True,one year,electronic check,90.4,2178.6,yes
9742-xokts,male,False,True,True,67,True,fiber optic,True,yes,True,one year,electronic check,89.55,6038.55,no
6921-ozmfh,male,False,True,True,5,True,dsl,True,yes,True,month-to-month,mailed check,55.7,259.4,no
9578-fomuk,male,False,True,True,15,True,no,True,no internet service,True,month-to-month,electronic check,24.8,324.15,no
4712-uyooi,female,False,True,True,20,True,no,True,no internet service,True,month-to-month,electronic check,20.0,417.65,no
8824-rwfxj,male,False,True,True,3,True,dsl,True,no,True,month-to-month,mailed check,56.15,168.15,yes
7722-cvfxn,male,False,True,True,54,True,fiber optic,True,yes,True,one year,electronic check,105.2,5637.85,no
8717-vctxj,male,False,True,True,42,True,no,True,no internet service,True,one year,mailed check,19.55,839.4,no
7363-qtbiw,female,False,True,True,9,True,fiber optic,True,no,True,month-to-month,electronic check,79.75,769.1,no
4159-naaix,female,False,True,True,63,True,fiber optic,True,no,True,two year,bank transfer (automatic),97.45,6253.0,no
0971-qifjk,female,False,True,True,69,True,no,True,no internet service,True,two year,bank transfer (automatic),24.25,1641.8,no
9397-tzsha,female,False,True,True,69,True,no,True,no internet service,True,two year,credit card (automatic),24.6,1678.05,no
3391-jsqew,male,False,True,True,40,True,dsl,True,no,True,month-to-month,mailed check,50.15,2058.5,no
0343-qluzp,male,False,True,True,60,True,dsl,True,no,True,two year,bank transfer (automatic),39.6,2424.5,no
9763-pdtkk,female,False,True,True,4,True,fiber optic,True,yes,True,month-to-month,bank transfer (automatic),94.4,387.2,yes
2176-lvpnx,female,True,True,True,71,True,dsl,True,yes,True,two year,mailed check,89.85,6293.45,no
7627-jkiaz,female,False,True,True,37,True,fiber optic,True,no,True,month-to-month,credit card (automatic),78.95,2839.65,yes
3312-uumzw,male,False,True,True,32,True,fiber optic,True,no,True,month-to-month,credit card (automatic),98.85,3145.9,no
1271-uodno,male,False,True,True,39,True,dsl,True,yes,True,two year,credit card (automatic),53.85,2200.7,no
8461-efqym,female,False,True,True,38,True,no,True,no internet service,True,one year,electronic check,24.25,914.4,no
6900-rbker,male,False,True,True,52,True,fiber optic,True,no,True,two year,credit card (automatic),89.45,4577.75,no
6891-jpyff,female,False,True,True,48,True,fiber optic,True,no,True,month-to-month,credit card (automatic),105.25,4997.5,no
1459-qnfqt,male,False,True,True,70,True,dsl,True,yes,True,two year,bank transfer (automatic),59.5,4144.8,no
1047-nncbf,male,False,True,True,20,True,fiber optic,True,no,True,month-to-month,credit card (automatic),70.55,1493.55,no
3696-xrien,female,False,True,True,50,True,dsl,True,yes,True,one year,credit card (automatic),82.5,4179.1,no
4081-dyxav,female,False,True,True,19,True,dsl,True,no,True,one year,credit card (automatic),44.85,893.55,yes
0074-hdkdg,male,False,True,True,25,True,dsl,True,no,True,one year,bank transfer (automatic),61.6,1611.0,no
8791-gfxlz,male,False,True,True,12,True,dsl,True,no,True,month-to-month,bank transfer (automatic),49.05,593.05,no
8111-sllhi,male,True,True,True,39,True,fiber optic,True,no,True,month-to-month,electronic check,105.65,4284.8,yes
0927-lcsmg,male,False,True,True,7,True,fiber optic,True,no,True,month-to-month,mailed check,74.65,544.55,yes
9330-dhbfl,female,False,True,True,23,True,dsl,True,yes,True,one year,mailed check,66.25,1533.8,no
0098-bowso,male,False,True,True,27,True,no,True,no internet service,True,month-to-month,electronic check,19.4,529.8,no
3452-abwrl,male,True,True,True,47,True,fiber optic,True,no,True,month-to-month,credit card (automatic),86.05,3865.6,no
5859-hzylf,male,False,True,True,26,True,no,True,no internet service,True,two year,credit card (automatic),19.15,515.75,no
8257-rzahr,female,False,True,True,14,True,dsl,True,no,True,month-to-month,bank transfer (automatic),64.7,941.0,yes
5293-wxjak,female,True,True,True,11,True,fiber optic,True,yes,True,month-to-month,bank transfer (automatic),104.05,1133.65,yes
3156-qlhbo,male,False,True,True,2,True,no,True,no internet service,True,month-to-month,mailed check,19.25,48.35,no
2208-nqbct,female,False,True,True,26,True,fiber optic,True,no,True,month-to-month,electronic check,81.95,2070.05,no
1779-pwpmg,female,True,True,True,72,True,fiber optic,True,yes,True,two year,bank transfer (automatic),114.65,8333.95,no
6621-nrzak,female,False,True,True,63,True,no,True,no internet service,True,two year,credit card (automatic),20.0,1209.25,no
0831-jnisg,male,False,True,True,71,True,no,True,no internet service,True,two year,mailed check,19.8,1396.25,no
0774-ifuvm,male,False,True,True,11,True,dsl,True,no,True,month-to-month,bank transfer (automatic),65.15,723.35,no
3082-wqrvy,male,True,True,True,14,True,no,True,no internet service,True,one year,mailed check,19.65,228.65,no
9553-dlclu,female,False,True,True,13,True,dsl,True,yes,True,two year,credit card (automatic),88.95,1161.75,no
1641-bybtk,male,False,True,True,6,True,no,True,no internet service,True,month-to-month,mailed check,20.2,98.35,no
2460-ngxbj,male,True,True,True,11,True,fiber optic,True,no,True,month-to-month,credit card (automatic),75.2,775.3,no
2446-zkvaf,male,False,True,True,18,True,dsl,True,no,True,month-to-month,credit card (automatic),56.8,1074.65,no
0841-nulxi,male,False,True,True,1,True,dsl,True,no,True,month-to-month,electronic check,35.55,35.55,yes
3522-cdkhf,female,False,True,True,32,True,fiber optic,True,no,True,month-to-month,bank transfer (automatic),75.5,2324.7,no
1430-sfqsa,male,False,True,True,29,True,dsl,True,yes,True,one year,mailed check,35.6,1072.6,no
0411-ezjze,female,False,True,True,3,True,dsl,True,no,True,month-to-month,electronic check,60.25,170.5,no
7851-wzeky,female,False,True,True,2,True,fiber optic,True,no,True,month-to-month,electronic check,95.15,196.9,yes
8844-tonud,male,False,True,True,13,True,fiber optic,True,no,True,month-to-month,mailed check,96.65,1162.85,yes
8807-arqet,female,False,True,True,41,True,dsl,True,no,True,month-to-month,electronic check,40.35,1677.85,no
8992-ceuen,female,False,True,True,1,True,no,True,no internet service,True,month-to-month,electronic check,18.85,18.85,no
4320-qmlla,male,False,True,True,7,True,dsl,True,no,True,month-to-month,mailed check,54.85,370.4,no
8777-pvygu,female,False,True,True,52,True,dsl,True,no,True,one year,mailed check,64.3,3410.6,no
8292-itgyj,female,False,True,True,45,True,no,True,no internet service,True,two year,bank transfer (automatic),24.65,1138.8,no
6870-zwmnx,male,False,True,True,70,True,dsl,True,yes,True,two year,credit card (automatic),76.1,5264.25,no
0621-cxbkl,female,False,True,True,53,True,no,True,no internet service,True,two year,mailed check,18.7,1005.7,no
5268-dsmnq,female,True,True,True,62,True,fiber optic,True,no,True,one year,credit card (automatic),97.95,5936.55,no
5334-jlaxu,female,False,True,True,60,True,fiber optic,True,no,True,month-to-month,credit card (automatic),94.1,5475.9,no
4086-yqsnz,female,True,True,True,3,True,fiber optic,True,no,True,month-to-month,electronic check,80.4,224.05,yes
6242-mbhpk,female,True,True,True,23,True,fiber optic,True,no,True,month-to-month,electronic check,95.1,2326.05,no
5868-czjdr,male,False,True,True,1,True,dsl,True,no,True,month-to-month,mailed check,31.35,31.35,yes
9359-ugbtk,female,False,True,True,67,True,dsl,True,yes,True,one year,bank transfer (automatic),72.35,4991.5,no
0135-nmxap,female,False,True,True,12,True,fiber optic,True,no,True,month-to-month,bank transfer (automatic),89.75,1052.4,yes
4782-osfxz,female,True,True,True,71,True,dsl,True,yes,True,two year,bank transfer (automatic),82.7,5831.2,no
6479-oausd,male,False,True,True,25,True,no,True,no internet service,True,one year,credit card (automatic),19.9,510.8,no
7129-acfog,female,False,True,True,5,True,dsl,True,no,True,month-to-month,electronic check,53.8,283.95,no
4189-nakjs,male,False,True,True,26,True,dsl,True,no,True,one year,credit card (automatic),51.55,1295.4,no
5562-betpv,male,False,True,True,1,True,no,True,no internet service,True,one year,mailed check,19.65,19.65,no
1282-ihqac,male,True,True,True,70,True,dsl,True,no,True,one year,credit card (automatic),44.05,3011.65,no
9127-fhjbz,male,False,True,True,72,True,fiber optic,True,yes,True,two year,electronic check,114.0,8093.15,no
6270-omfiw,male,False,True,True,60,True,fiber optic,True,no,True,one year,electronic check,94.4,5610.25,yes
1641-rqday,female,True,True,True,32,True,fiber optic,True,no,True,month-to-month,electronic check,100.4,3217.65,no
0107-weslm,male,False,True,True,1,True,no,True,no internet service,True,month-to-month,electronic check,19.85,19.85,yes
6994-orcwg,female,False,True,True,14,True,dsl,True,no,True,one year,mailed check,54.25,773.2,no
1346-ufhax,female,False,True,True,13,True,fiber optic,True,no,True,month-to-month,credit card (automatic),80.0,1029.35,no
3992-ywpko,female,False,True,True,6,True,fiber optic,True,yes,True,month-to-month,credit card (automatic),109.9,669.45,yes
2933-xeujm,female,False,True,True,46,True,dsl,True,no,True,two year,mailed check,79.2,3593.8,no
0125-lzqxk,male,False,True,True,15,True,fiber optic,True,yes,True,month-to-month,electronic check,101.35,1553.95,yes
5461-qkntn,male,True,True,True,43,True,fiber optic,True,yes,True,month-to-month,electronic check,94.3,3953.15,no
4835-ysjmr,male,False,True,True,39,True,dsl,True,yes,True,two year,bank transfer (automatic),49.8,1971.15,no
8399-yndch,male,True,True,True,21,True,dsl,True,no,True,month-to-month,bank transfer (automatic),60.05,1236.15,yes
3164-yaxfy,male,False,True,True,57,True,dsl,True,no,True,month-to-month,electronic check,53.75,3196.0,no
0887-wbjvh,female,False,True,True,53,True,fiber optic,True,yes,True,one year,electronic check,93.45,4872.2,no
4660-iribm,male,False,True,True,18,True,fiber optic,True,no,True,month-to-month,mailed check,87.9,1500.5,no
5673-fssmf,female,False,True,True,1,True,dsl,True,no,True,month-to-month,electronic check,60.15,60.15,yes
7670-zbpoq,female,False,True,True,58,True,dsl,True,yes,True,one year,bank transfer (automatic),61.05,3478.75,no
8089-uzwlx,female,True,True,True,71,True,fiber optic,True,no,True,two year,bank transfer (automatic),104.05,7413.55,no
0080-orozo,female,False,True,True,35,True,fiber optic,True,yes,True,one year,electronic check,99.25,3532.0,no
3916-nrpap,male,False,True,True,3,True,fiber optic,True,no,True,month-to-month,credit card (automatic),85.7,256.75,no
6807-siwji,male,False,True,True,38,True,fiber optic,True,no,True,one year,electronic check,104.85,3887.25,no
8221-hvayi,male,False,True,True,35,True,dsl,True,yes,True,two year,credit card (automatic),69.15,2490.15,no
1579-klydt,male,False,True,True,7,True,fiber optic,True,no,True,month-to-month,electronic check,90.45,593.45,yes
5232-nxpay,female,False,True,True,47,True,dsl,True,yes,True,two year,mailed check,74.45,3510.3,no
8967-szqas,female,False,True,True,14,True,dsl,True,no,True,month-to-month,electronic check,50.45,765.45,no
4468-kazhe,female,True,True,True,20,True,dsl,True,no,True,month-to-month,electronic check,60.0,1259.35,no
0455-entcr,male,False,True,True,66,True,dsl,True,yes,True,two year,electronic check,85.25,5538.35,no
8944-ailef,male,False,True,True,15,True,no,True,no internet service,True,month-to-month,credit card (automatic),19.45,340.85,no
5542-nkvru,female,False,True,True,42,True,no,True,no internet service,True,two year,bank transfer (automatic),20.75,844.45,no
7126-rbhsd,female,False,True,True,17,True,fiber optic,True,no,True,month-to-month,electronic check,78.9,1348.95,no
5370-iivvl,male,False,True,True,37,True,fiber optic,True,yes,True,one year,credit card (automatic),104.5,3778.0,no
6789-hjbwg,female,False,True,True,12,True,dsl,True,no,True,month-to-month,electronic check,49.4,611.65,no
3927-nlnry,male,False,True,True,53,True,fiber optic,True,no,True,one year,bank transfer (automatic),94.25,4867.95,yes
9087-eycpr,female,False,True,True,60,True,no,True,no internet service,True,two year,mailed check,25.0,1505.05,no
6791-ybnak,male,False,True,True,18,True,dsl,True,no,True,month-to-month,credit card (automatic),25.55,467.85,no
6358-lyngm,male,False,True,True,1,True,fiber optic,True,no,True,month-to-month,electronic check,74.9,74.9,yes
6077-bdpxa,female,False,True,True,3,True,fiber optic,True,no,True,month-to-month,electronic check,70.15,194.2,no
0013-mhzwf,female,False,True,True,9,True,dsl,True,yes,True,month-to-month,credit card (automatic),69.4,571.45,no
5494-hecpr,female,False,True,True,1,True,fiber optic,True,no,True,month-to-month,electronic check,80.25,80.25,yes
8268-ydixr,male,False,True,True,56,True,fiber optic,True,no,True,one year,electronic check,93.15,5253.95,no
9824-bemcv,male,False,True,True,17,True,fiber optic,True,no,True,month-to-month,electronic check,69.0,1149.65,yes
1373-orviz,female,False,True,True,11,True,dsl,True,yes,True,month-to-month,electronic check,66.35,740.8,yes
4291-shsbh,male,False,True,True,7,True,fiber optic,True,no,True,month-to-month,electronic check,69.55,521.35,no
6980-imxxe,female,False,True,True,69,True,no,True,no internet service,True,two year,bank transfer (automatic),20.2,1412.65,no
9866-qevee,male,False,True,True,19,True,fiber optic,True,no,True,month-to-month,bank transfer (automatic),86.0,1532.45,yes
9897-kxhcm,female,False,True,True,3,True,fiber optic,True,no,True,month-to-month,electronic check,80.3,250.05,yes
0040-halcw,male,False,True,True,54,True,no,True,no internet service,True,two year,credit card (automatic),20.4,1090.6,no
0784-gtuuk,male,False,True,True,62,True,no,True,no internet service,True,one year,credit card (automatic),23.75,1446.8,no
7979-corpm,male,False,True,True,24,True,fiber optic,True,no,True,month-to-month,credit card (automatic),90.55,2282.55,yes
2294-dmmus,female,False,True,True,62,True,dsl,True,no,True,month-to-month,credit card (automatic),70.45,4300.45,no
0872-jcpib,male,False,True,True,17,True,dsl,True,no,True,month-to-month,bank transfer (automatic),65.75,1111.2,no
3055-mjdsb,male,False,True,True,9,True,dsl,True,no,True,month-to-month,mailed check,24.6,190.1,no
9091-wtuuy,male,False,True,True,64,True,dsl,True,yes,True,two year,mailed check,69.25,4447.75,no
1618-cfhme,female,False,True,True,2,True,fiber optic,True,no,True,month-to-month,electronic check,75.9,143.35,yes
3165-hdoew,male,False,True,True,1,True,dsl,True,no,True,month-to-month,mailed check,45.85,45.85,yes
6581-nqcba,female,False,True,True,16,True,dsl,True,yes,True,month-to-month,electronic check,49.95,810.2,yes
7115-irdhs,female,False,True,True,72,True,no,True,no internet service,True,two year,bank transfer (automatic),24.65,1830.05,no
8496-dmzuk,male,False,True,True,30,True,fiber optic,True,no,True,one year,bank transfer (automatic),90.4,2820.65,no
2040-vzike,female,False,True,True,49,True,fiber optic,True,no,True,month-to-month,mailed check,100.85,4847.35,no
9068-vpwqq,male,False,True,True,61,True,dsl,True,yes,True,two year,credit card (automatic),75.35,4729.3,no
0178-szbho,male,False,True,True,47,True,fiber optic,True,no,True,month-to-month,electronic check,87.2,4017.45,no
0384-rvbpi,male,False,True,True,20,True,dsl,True,no,True,month-to-month,credit card (automatic),64.4,1398.6,no
1689-mrzqr,male,False,True,True,34,True,fiber optic,True,no,True,month-to-month,electronic check,78.3,2564.3,yes
1299-aurja,female,False,True,True,70,True,no,True,no internet service,True,two year,bank transfer (automatic),24.7,1685.9,no
4525-vzczg,male,False,True,True,54,True,fiber optic,True,yes,True,one year,electronic check,105.85,5826.65,no
1543-lllft,male,True,True,True,61,True,fiber optic,True,yes,True,one year,mailed check,98.3,6066.55,no
5835-beqeu,male,False,True,True,3,True,fiber optic,True,no,True,month-to-month,electronic check,76.95,228.4,yes
2788-cjqaq,male,False,True,True,13,True,no,True,no internet service,True,one year,mailed check,19.45,270.2,no
5565-filxa,female,True,True,True,16,True,fiber optic,True,no,True,month-to-month,electronic check,96.15,1529.2,yes
0319-qztco,female,False,True,True,3,True,dsl,True,no,True,month-to-month,credit card (automatic),58.7,168.6,no
2120-smpex,male,False,True,True,25,True,no,True,no internet service,True,month-to-month,mailed check,20.15,536.35,no
0096-fcpuf,male,False,True,True,30,True,dsl,True,no,True,month-to-month,mailed check,64.5,1888.45,no
0668-ogmhd,female,False,True,True,21,True,dsl,True,no,True,month-to-month,electronic check,28.5,629.35,no
5552-znfsj,male,False,True,True,1,True,dsl,True,no,True,month-to-month,electronic check,45.3,45.3,yes
2223-kagmx,female,False,True,True,15,True,no,True,no internet service,True,month-to-month,bank transfer (automatic),19.4,289.3,yes
6507-zjsur,male,True,True,True,23,True,fiber optic,True,no,True,month-to-month,electronic check,90.45,2117.25,no
9408-hrxrk,female,False,True,True,45,True,fiber optic,True,no,True,month-to-month,electronic check,105.15,4730.9,no
5593-suaoo,female,False,True,True,24,True,fiber optic,True,no,True,one year,bank transfer (automatic),83.15,2033.05,no
7321-pkuyw,female,False,True,True,11,True,fiber optic,True,yes,True,month-to-month,electronic check,90.15,987.95,yes
2833-slkdq,male,False,True,True,1,True,dsl,True,no,True,month-to-month,mailed check,45.05,45.05,yes
6766-hfkla,female,False,True,True,56,True,fiber optic,True,yes,True,two year,bank transfer (automatic),103.2,5744.35,no
7595-euivn,female,False,True,True,1,True,fiber optic,True,no,True,month-to-month,electronic check,75.8,75.8,yes
7617-eyglw,male,False,True,True,1,True,no,True,no internet service,True,month-to-month,electronic check,19.45,19.45,no
2026-tgdhm,female,False,True,True,7,True,fiber optic,True,no,True,month-to-month,electronic check,79.3,523.15,yes
9220-znkji,female,True,True,True,55,True,fiber optic,True,yes,True,two year,credit card (automatic),88.8,4805.3,no
4030-vpzbd,female,False,True,True,2,True,dsl,True,yes,True,month-to-month,electronic check,30.9,59.05,yes
2226-icfdo,female,False,True,True,72,True,dsl,True,yes,True,two year,credit card (automatic),85.9,6110.75,no
0723-vsobe,female,True,True,True,45,True,dsl,True,no,True,one year,electronic check,34.2,1596.6,no
5529-gibvh,female,False,True,True,47,True,no,True,no internet service,True,two year,mailed check,20.15,1046.2,no
4187-cinzd,female,True,True,True,46,True,fiber optic,True,no,True,one year,credit card (automatic),95.25,4424.2,yes
9992-ujoel,male,False,True,True,2,True,dsl,True,no,True,month-to-month,mailed check,50.3,92.75,no
4741-wwjqz,female,False,True,True,2,True,fiber optic,True,yes,True,month-to-month,electronic check,80.15,194.55,no
6625-utxew,female,False,True,True,12,True,dsl,True,no,True,month-to-month,electronic check,51.25,612.1,no
6818-wobhj,female,True,True,True,68,True,fiber optic,True,no,True,month-to-month,bank transfer (automatic),89.6,6127.6,yes
6244-besbm,male,False,True,True,69,True,fiber optic,True,yes,True,two year,credit card (automatic),95.2,6671.7,no
1004-noznr,male,True,True,True,56,True,fiber optic,True,no,True,one year,credit card (automatic),94.8,5264.3,no
1251-stysz,female,True,True,True,4,True,fiber optic,True,no,True,month-to-month,electronic check,80.25,303.7,no
2612-phgox,male,False,True,True,64,True,dsl,True,yes,True,two year,bank transfer (automatic),76.1,4818.8,no
2408-tzmjl,male,False,True,True,59,True,fiber optic,True,no,True,one year,electronic check,110.15,6448.05,yes
8480-pponv,male,False,True,True,62,True,fiber optic,True,yes,True,two year,bank transfer (automatic),115.55,7159.05,no
8780-ihcrn,male,False,True,True,63,True,no,True,no internet service,True,two year,credit card (automatic),24.65,1574.5,no
4598-zadck,female,False,True,True,53,True,dsl,True,yes,True,one year,electronic check,53.6,2879.2,no
1257-sxuxq,male,False,True,True,5,True,no,True,no internet service,True,month-to-month,mailed check,19.45,86.05,no
9681-kygyb,male,True,True,True,49,True,fiber optic,True,no,True,month-to-month,electronic check,88.2,4159.45,no
7182-ovlbj,female,False,True,True,62,True,fiber optic,True,no,True,two year,bank transfer (automatic),101.15,6638.35,no
5095-etbrj,female,False,True,True,55,True,dsl,True,yes,True,two year,mailed check,56.8,3112.05,no
7005-cyuil,female,True,True,True,71,True,fiber optic,True,yes,True,two year,electronic check,99.4,7168.25,no
4821-wqoyn,female,False,True,True,72,True,no,True,no internet service,True,two year,credit card (automatic),20.1,1326.25,no
4730-awnau,male,False,True,True,36,True,dsl,True,yes,True,one year,credit card (automatic),60.7,2234.55,no
3452-flhyd,male,False,True,True,25,True,no,True,no internet service,True,one year,bank transfer (automatic),20.95,495.15,no
2388-laesq,female,True,True,True,72,True,fiber optic,True,yes,True,two year,bank transfer (automatic),114.85,8317.95,no
9531-nsbmr,female,False,True,True,36,True,no,True,no internet service,True,one year,bank transfer (automatic),19.25,679.8,no
6260-onulr,male,False,True,True,1,True,dsl,True,no,True,month-to-month,mailed check,62.8,62.8,no
4389-uefcz,female,False,True,True,72,True,fiber optic,True,no,True,two year,electronic check,105.5,7544.0,no
8711-lobky,male,False,True,True,59,True,no,True,no internet service,True,two year,mailed check,19.85,1188.25,no
9134-ceqmf,male,True,True,True,7,True,fiber optic,True,no,True,month-to-month,electronic check,89.5,676.7,yes
8985-oopos,female,False,True,True,1,True,dsl,True,yes,True,one year,credit card (automatic),74.1,74.1,no
8800-zkrfw,female,False,True,True,30,True,fiber optic,True,yes,True,month-to-month,electronic check,107.5,3242.5,no
2616-flvqc,male,False,True,True,64,True,no,True,no internet service,True,two year,mailed check,19.55,1240.15,no
9968-ffvvh,male,False,True,True,63,True,dsl,True,yes,True,one year,bank transfer (automatic),68.8,4111.35,no
3108-pccgg,male,True,True,True,72,True,dsl,True,no,True,two year,credit card (automatic),84.45,5899.85,no
7993-pykof,male,False,True,True,8,True,fiber optic,True,no,True,month-to-month,electronic check,75.0,632.95,yes
8390-fesfv,female,False,True,True,62,True,dsl,True,yes,True,two year,bank transfer (automatic),84.5,5193.2,no
3022-bexhz,male,False,True,True,67,True,fiber optic,True,yes,True,two year,bank transfer (automatic),111.2,7530.8,no
5027-xwqha,male,False,True,True,6,True,dsl,True,no,True,month-to-month,electronic check,44.75,270.95,yes
6248-tkcqv,female,False,True,True,70,True,dsl,True,yes,True,two year,bank transfer (automatic),80.6,5460.2,no
6729-gdngc,female,True,True,True,20,True,fiber optic,True,no,True,month-to-month,bank transfer (automatic),80.7,1614.2,no
6198-zfioj,female,False,True,True,5,True,fiber optic,True,no,True,month-to-month,electronic check,75.6,402.5,no
5989-omnje,female,False,True,True,24,True,dsl,True,no,True,one year,electronic check,57.6,1367.75,no
4566-qvrrw,female,False,True,True,11,True,dsl,True,no,True,month-to-month,electronic check,44.05,483.7,yes
1291-cuocy,male,False,True,True,72,True,fiber optic,True,yes,True,two year,credit card (automatic),110.6,7962.2,no
9795-shuhb,female,False,True,True,66,True,dsl,True,yes,True,two year,credit card (automatic),58.2,3810.8,no
3230-iualn,female,False,True,True,45,True,dsl,True,yes,True,two year,mailed check,81.0,3533.6,no
0042-rlhyp,female,False,True,True,69,True,no,True,no internet service,True,two year,bank transfer (automatic),19.7,1396.9,no
8519-imdhu,male,True,True,True,15,True,fiber optic,True,no,True,month-to-month,bank transfer (automatic),85.6,1345.55,yes
4945-rvmte,female,False,True,True,28,True,dsl,True,no,True,month-to-month,bank transfer (automatic),59.55,1646.45,no
0201-oamxr,female,False,True,True,70,True,fiber optic,True,yes,True,one year,credit card (automatic),115.55,8127.6,yes
1866-nxpsp,female,False,True,True,36,True,dsl,True,yes,True,one year,mailed check,75.55,2680.15,no
3372-kwfbm,male,True,True,True,16,True,fiber optic,True,no,True,month-to-month,electronic check,86.6,1281.0,yes
7831-qgoxh,female,False,True,True,18,True,fiber optic,True,no,True,month-to-month,electronic check,85.2,1553.9,yes
6393-wryze,female,False,True,True,34,True,fiber optic,True,no,True,month-to-month,electronic check,97.65,3207.55,yes
3941-xtskm,male,False,True,True,42,True,dsl,True,no,True,one year,credit card (automatic),45.1,2049.05,no
1661-czbau,male,False,True,True,48,True,dsl,True,yes,True,one year,bank transfer (automatic),70.95,3629.2,no
6599-rclcj,male,False,True,True,47,True,fiber optic,True,yes,True,month-to-month,electronic check,109.55,5124.55,yes
9831-bpfri,female,False,True,True,39,True,fiber optic,True,yes,True,one year,electronic check,89.55,3474.45,yes
5158-rivop,female,False,True,True,11,True,no,True,no internet service,True,two year,credit card (automatic),20.9,202.3,no
9788-ytfge,male,False,True,True,7,True,no,True,no internet service,True,month-to-month,mailed check,19.95,147.5,no
9277-joomo,female,False,True,True,3,True,no,True,no internet service,True,month-to-month,mailed check,24.6,86.35,no
1907-ylnyw,male,False,True,True,8,True,dsl,True,no,True,month-to-month,electronic check,66.7,579.0,no
1725-mimxw,male,False,True,True,1,True,no,True,no internet service,True,month-to-month,mailed check,19.45,19.45,yes
8947-yrtdv,male,False,True,True,32,True,fiber optic,True,no,True,one year,mailed check,94.8,3131.55,no
3161-onrwk,male,False,True,True,60,True,dsl,True,yes,True,one year,bank transfer (automatic),65.85,3928.3,no
0114-rsrrw,female,False,True,True,10,True,no,True,no internet service,True,month-to-month,bank transfer (automatic),19.95,187.75,no
4565-nlzbv,female,False,True,True,71,True,no,True,no internet service,True,two year,bank transfer (automatic),24.65,1710.15,no
0031-pvlzi,female,False,True,True,4,True,no,True,no internet service,True,month-to-month,mailed check,20.35,76.35,yes
7206-gzcdc,female,True,True,True,1,True,fiber optic,True,no,True,month-to-month,electronic check,69.25,69.25,yes
6682-vcixc,female,False,True,True,43,True,dsl,True,yes,True,one year,bank transfer (automatic),51.25,2151.6,no
4791-qrgmf,male,False,True,True,59,True,fiber optic,True,no,True,one year,bank transfer (automatic),99.5,5961.1,yes
6475-vhuiz,female,False,True,True,23,True,dsl,True,yes,True,month-to-month,electronic check,54.25,1221.55,no
3910-mrqoy,female,False,True,True,72,True,no,True,no internet service,True,two year,bank transfer (automatic),19.4,1496.45,no
0661-wcqnq,male,False,True,True,22,True,dsl,True,yes,True,one year,credit card (automatic),56.25,1292.2,no
7537-rbwea,female,False,True,True,1,True,dsl,True,no,True,month-to-month,mailed check,25.15,25.15,no
4656-caurt,male,False,True,True,69,True,no,True,no internet service,True,two year,bank transfer (automatic),23.95,1713.1,no
0121-snyrk,male,False,True,True,50,True,dsl,True,yes,True,one year,mailed check,35.4,1748.9,no
1768-zaifu,female,True,True,True,1,True,dsl,True,no,True,month-to-month,electronic check,25.2,25.2,yes
4671-lxrdq,male,False,True,True,2,True,dsl,True,no,True,month-to-month,mailed check,45.0,96.45,yes
3733-lsyce,female,False,True,True,15,True,fiber optic,True,no,True,month-to-month,bank transfer (automatic),75.35,1114.55,no
6265-frmtq,male,False,True,True,31,True,no,True,no internet service,True,two year,bank transfer (automatic),20.4,609.1,no
1934-sjvjk,male,False,True,True,1,True,no,True,no internet service,True,month-to-month,mailed check,20.15,20.15,yes
3838-ozurd,male,False,True,True,66,True,fiber optic,True,no,True,month-to-month,credit card (automatic),105.0,7133.25,yes
1371-dwpaz,female,False,True,True,0,True,dsl,True,yes,True,two year,credit card (automatic),56.05,56.05,no
9269-cqool,male,False,True,True,3,True,dsl,True,no,True,month-to-month,credit card (automatic),54.7,169.45,yes
2017-ccblh,female,False,True,True,8,True,no,True,no internet service,True,two year,mailed check,20.0,141.6,no
7690-kpncu,male,False,True,True,64,True,dsl,True,no,True,one year,credit card (automatic),73.05,4688.65,no
0536-bgfmz,female,False,True,True,28,True,no,True,no internet service,True,month-to-month,mailed check,20.5,563.05,no
2293-ijwps,female,False,True,True,57,True,fiber optic,True,no,True,one year,credit card (automatic),100.75,5985.0,no
2845-hsjcy,female,False,True,True,14,True,fiber optic,True,no,True,month-to-month,electronic check,87.25,1258.6,yes
5469-nujur,male,False,True,True,19,True,no,True,no internet service,True,two year,mailed check,19.95,373.5,no
1184-pjvdb,male,False,True,True,10,True,fiber optic,True,no,True,month-to-month,electronic check,79.95,857.2,yes
2625-trczq,female,False,True,True,51,True,dsl,True,no,True,month-to-month,electronic check,49.65,2553.35,no
4102-hlenu,female,False,True,True,67,True,dsl,True,no,True,two year,mailed check,65.65,4322.85,no
7266-gssjx,male,False,True,True,11,True,no,True,no internet service,True,month-to-month,electronic check,20.45,250.8,no
7722-vjrqd,male,False,True,True,72,True,dsl,True,yes,True,two year,bank transfer (automatic),60.95,4549.05,no
7073-qetqy,male,False,True,True,66,True,no,True,no internet service,True,one year,electronic check,20.35,1359.5,no
9415-dpews,female,False,True,True,18,True,fiber optic,True,yes,True,month-to-month,electronic check,88.35,1639.3,yes
5624-ryamh,female,False,True,True,9,True,no,True,no internet service,True,month-to-month,electronic check,19.5,178.85,no
0196-jtuqi,female,False,True,True,9,True,fiber optic,True,no,True,month-to-month,credit card (automatic),75.2,633.85,no
7130-yxbro,male,False,True,True,48,True,fiber optic,True,no,True,month-to-month,bank transfer (automatic),111.45,5315.1,no
9272-lsvyh,male,False,True,True,10,True,fiber optic,True,no,True,month-to-month,mailed check,70.15,735.5,no
7943-rqchr,female,False,True,True,9,True,fiber optic,True,no,True,month-to-month,electronic check,94.75,889.9,yes
3793-mmfuh,female,True,True,True,13,True,fiber optic,True,no,True,month-to-month,electronic check,95.05,1290.0,yes
3249-zpqrg,male,False,True,True,4,True,fiber optic,True,no,True,month-to-month,electronic check,78.45,330.05,yes
2568-brgyx,male,False,True,True,4,True,fiber optic,True,no,True,month-to-month,electronic check,70.2,237.95,yes
3084-dowle,female,False,True,True,72,True,dsl,True,yes,True,two year,bank transfer (automatic),92.0,6474.4,no
1084-mnsmj,female,False,True,True,51,True,dsl,True,yes,True,two year,credit card (automatic),85.5,4421.95,no
7721-jxeaw,male,False,True,True,59,True,dsl,True,no,True,month-to-month,bank transfer (automatic),41.05,2452.7,yes
7249-wbiyx,male,False,True,True,10,True,fiber optic,True,no,True,month-to-month,electronic check,85.6,813.85,yes
4238-hfhsn,male,True,True,True,61,True,fiber optic,True,no,True,month-to-month,electronic check,82.15,4904.85,no
6250-cggun,male,False,True,True,54,True,fiber optic,True,yes,True,one year,electronic check,84.4,4484.05,no
5478-jjvzk,female,False,True,True,33,True,dsl,True,no,True,month-to-month,mailed check,60.9,2033.85,no
7596-iiwyc,female,False,True,True,27,True,no,True,no internet service,True,two year,bank transfer (automatic),20.25,538.2,no
6567-hoopw,female,True,True,True,1,True,fiber optic,True,no,True,month-to-month,electronic check,79.2,79.2,yes
9793-wecqc,male,False,True,True,23,True,fiber optic,True,no,True,month-to-month,mailed check,95.3,2192.9,no
4291-hpaxl,male,False,True,True,1,True,no,True,no internet service,True,month-to-month,mailed check,19.85,19.85,no
8999-ypybv,male,False,True,True,45,True,dsl,True,yes,True,two year,mailed check,84.35,3858.05,no
1839-fbnfr,female,False,True,True,39,True,no,True,no internet service,True,two year,bank transfer (automatic),19.85,854.8,no
3164-aalrn,male,False,True,True,5,True,dsl,True,no,True,one year,mailed check,70.0,347.4,yes
3071-mvjcd,male,False,True,True,72,True,dsl,True,yes,True,two year,bank transfer (automatic),82.3,5815.15,no
1697-bcshv,female,False,True,True,58,True,dsl,True,no,True,month-to-month,bank transfer (automatic),66.8,3970.4,no
0562-kbdvm,female,False,True,True,70,True,dsl,True,yes,True,two year,bank transfer (automatic),44.6,3058.15,no
1131-suekt,male,False,True,True,61,True,fiber optic,True,yes,True,one year,bank transfer (automatic),98.45,6145.2,no
3717-oeauq,male,False,True,True,2,True,fiber optic,True,no,True,month-to-month,mailed check,70.7,129.2,no
4538-wntmj,female,False,True,True,46,True,no,True,no internet service,True,one year,mailed check,24.95,1165.9,no
3334-cthol,female,False,True,True,1,True,dsl,True,no,True,month-to-month,bank transfer (automatic),49.95,49.95,yes
4704-eryfc,female,False,True,True,22,True,fiber optic,True,no,True,month-to-month,electronic check,69.25,1554.0,yes
9432-ruvsl,female,False,True,True,48,True,fiber optic,True,yes,True,two year,credit card (automatic),102.5,4904.25,no
8060-hiwjj,male,False,True,True,64,True,dsl,True,yes,True,two year,credit card (automatic),86.55,5632.55,no
7684-xsziy,male,False,True,True,72,True,no,True,no internet service,True,two year,bank transfer (automatic),24.3,1643.25,no
9089-uowjg,female,False,True,True,12,True,dsl,True,no,True,month-to-month,credit card (automatic),58.35,740.55,no
8621-mnihh,female,True,True,True,34,True,fiber optic,True,no,True,month-to-month,electronic check,94.25,3217.55,yes
8039-aclpl,female,False,True,True,72,True,dsl,True,no,True,two year,credit card (automatic),68.75,4888.2,no
9885-aibvb,male,False,True,True,29,True,fiber optic,True,no,True,month-to-month,electronic check,85.8,2440.25,no
1934-mkpxs,male,False,True,True,33,True,no,True,no internet service,True,one year,credit card (automatic),20.1,620.55,no
2592-ykdif,female,False,True,True,1,True,no,True,no internet service,True,month-to-month,mailed check,20.35,20.35,no
2272-jkmsi,female,False,True,True,62,True,fiber optic,True,yes,True,one year,electronic check,110.8,6840.95,no
0471-lvhgk,male,False,True,True,41,True,dsl,True,no,True,one year,electronic check,73.0,3001.2,yes
9518-rwhzl,female,False,True,True,64,True,fiber optic,True,no,True,one year,credit card (automatic),100.05,6254.2,yes
8714-ctzjw,female,False,True,True,4,True,fiber optic,True,no,True,month-to-month,credit card (automatic),82.85,319.6,no
3569-edbpq,female,False,True,True,24,True,fiber optic,True,yes,True,month-to-month,electronic check,84.35,1938.05,no
3131-nwvfj,female,False,True,True,14,True,no,True,no internet service,True,one year,mailed check,19.55,294.5,no
7521-yxvzy,male,False,True,True,3,True,no,True,no internet service,True,month-to-month,mailed check,19.95,58.3,no
5419-conwx,female,True,True,True,4,True,fiber optic,True,no,True,month-to-month,credit card (automatic),99.8,442.85,yes
6240-eurks,female,False,True,True,18,True,dsl,True,no,True,month-to-month,electronic check,35.0,553.0,yes
2373-ntkod,male,False,True,True,8,True,dsl,True,no,True,month-to-month,electronic check,66.25,546.45,no
1970-kkfwl,female,False,True,True,35,True,no,True,no internet service,True,two year,bank transfer (automatic),23.3,797.1,no
6960-hvyxr,female,False,True,True,1,True,fiber optic,True,no,True,month-to-month,electronic check,76.0,76.0,yes
9337-srrni,male,False,True,True,66,True,no,True,no internet service,True,two year,credit card (automatic),25.3,1673.8,no
0895-uadgo,male,False,True,True,8,True,dsl,True,yes,True,two year,mailed check,44.55,343.45,no
5678-vfneq,female,False,True,True,71,True,fiber optic,True,no,True,one year,credit card (automatic),104.1,7412.25,no
5977-ckhon,female,False,True,True,43,True,fiber optic,True,no,True,month-to-month,bank transfer (automatic),92.55,4039.0,no
7024-ohcck,female,True,True,True,2,True,fiber optic,True,no,True,month-to-month,electronic check,93.85,170.85,yes
2692-bucfv,male,True,True,True,29,True,fiber optic,True,no,True,month-to-month,bank transfer (automatic),101.45,2948.6,no
7861-uvuft,female,False,True,True,15,True,fiber optic,True,no,True,month-to-month,electronic check,84.3,1308.4,yes
1830-ggfnm,male,False,True,True,65,True,fiber optic,True,yes,True,two year,credit card (automatic),94.55,6078.75,no
5302-bdjnt,male,False,True,True,35,True,fiber optic,True,yes,True,month-to-month,electronic check,95.5,3418.2,no
5223-uzavk,male,False,True,True,64,True,fiber optic,True,no,True,one year,credit card (automatic),100.3,6603.8,no
4859-zsrdz,female,False,True,True,58,True,dsl,True,yes,True,two year,credit card (automatic),55.5,3166.9,no
5651-wyiph,female,True,True,True,18,True,dsl,True,no,True,month-to-month,credit card (automatic),49.85,865.75,no
9350-vlhmb,male,False,True,True,67,True,fiber optic,True,no,True,month-to-month,bank transfer (automatic),89.55,6373.1,no
3498-lzgqz,male,False,True,True,63,True,no,True,no internet service,True,two year,mailed check,19.15,1177.05,no
8785-cjshh,female,False,True,True,60,True,fiber optic,True,no,True,month-to-month,electronic check,99.8,5985.75,no
5357-tzhpp,male,True,True,True,9,True,fiber optic,True,no,True,month-to-month,credit card (automatic),84.4,732.5,yes
3870-spzsi,female,False,True,True,70,True,fiber optic,True,yes,True,two year,credit card (automatic),113.05,7869.05,no
0680-dfnny,male,False,True,True,15,True,fiber optic,True,no,True,month-to-month,electronic check,101.1,1504.05,yes
7560-qrbxh,female,False,True,True,48,True,no,True,no internet service,True,one year,mailed check,19.95,936.7,no
7077-xjmet,male,False,True,True,12,True,dsl,True,yes,True,month-to-month,electronic check,74.15,741.4,no
8752-ghjfu,male,True,True,True,71,True,fiber optic,True,yes,True,one year,electronic check,92.0,6585.2,no
6896-srvyq,male,True,True,True,44,True,fiber optic,True,no,True,month-to-month,electronic check,73.85,3122.4,no
7767-uxagj,male,False,True,True,1,True,dsl,True,no,True,month-to-month,electronic check,50.45,50.45,yes
4652-odevh,male,False,True,True,45,True,no,True,no internet service,True,two year,mailed check,24.45,1088.25,no
6510-upnks,female,False,True,True,23,True,no,True,no internet service,True,one year,credit card (automatic),24.8,615.35,no
6718-bdghg,female,False,True,True,43,True,dsl,True,yes,True,one year,bank transfer (automatic),64.85,2908.2,no
9046-dqmtp,male,False,True,True,35,True,no,True,no internet service,True,month-to-month,bank transfer (automatic),20.75,739.9,no
6439-lajxl,male,False,True,True,9,True,dsl,True,yes,True,month-to-month,mailed check,68.95,593.85,no
1571-savhk,male,False,True,True,12,True,fiber optic,True,yes,True,month-to-month,mailed check,99.95,1132.75,yes
9052-vkduw,female,True,True,True,65,True,fiber optic,True,no,True,month-to-month,credit card (automatic),109.4,7227.45,no
9546-cqjsu,female,False,True,True,2,True,fiber optic,True,no,True,month-to-month,electronic check,91.4,193.6,yes
1666-jzpzt,male,False,True,True,27,True,dsl,True,no,True,month-to-month,mailed check,49.0,1291.35,no
5777-kjirb,female,False,True,True,40,True,dsl,True,no,True,one year,mailed check,50.25,2023.55,no
0506-lvngn,female,True,True,True,5,True,fiber optic,True,no,True,month-to-month,credit card (automatic),75.55,349.65,yes
7677-sjjjk,male,False,True,True,8,True,no,True,no internet service,True,one year,credit card (automatic),19.9,153.95,no
2480-ejwyp,female,True,True,True,58,True,fiber optic,True,no,True,one year,bank transfer (automatic),97.8,5458.8,no
3253-hkokl,female,False,True,True,52,True,fiber optic,True,no,True,one year,electronic check,100.3,5244.45,no
7055-hneoj,male,False,True,True,3,True,dsl,True,yes,True,month-to-month,mailed check,55.8,154.55,no
5514-yqent,male,False,True,True,41,True,fiber optic,True,yes,True,two year,electronic check,111.15,4507.15,no
3211-aapkx,male,False,True,True,20,True,fiber optic,True,yes,True,month-to-month,mailed check,98.55,2031.95,no
8445-dnbae,male,False,True,True,1,True,dsl,True,no,True,month-to-month,electronic check,50.05,50.05,no
2951-qoqtk,male,False,True,True,4,True,fiber optic,True,yes,True,month-to-month,credit card (automatic),80.8,332.45,yes
2958-nhpps,male,False,True,True,23,True,no,True,no internet service,True,month-to-month,electronic check,20.85,473.9,no
6806-ydeul,female,True,True,True,6,True,no,True,no internet service,True,month-to-month,bank transfer (automatic),19.5,106.8,no
1735-xmjvh,male,False,True,True,8,True,no,True,no internet service,True,month-to-month,mailed check,19.35,152.6,no
6890-pfrqx,male,False,True,True,18,True,dsl,True,no,True,month-to-month,mailed check,69.5,1199.4,no
0222-cnvpt,male,True,True,True,52,True,dsl,True,no,True,month-to-month,credit card (automatic),48.8,2555.05,no
5899-ouvkv,male,False,True,True,31,True,fiber optic,True,no,True,month-to-month,electronic check,94.5,2979.2,no
8681-icons,male,False,True,True,29,True,no,True,no internet service,True,month-to-month,mailed check,20.65,654.85,no
1621-yncjh,female,False,True,True,36,True,fiber optic,True,yes,True,two year,credit card (automatic),106.05,3834.4,no
3473-xiiit,female,False,True,True,16,True,fiber optic,True,no,True,month-to-month,electronic check,100.0,1534.75,yes
6362-qhafm,male,False,True,True,42,True,fiber optic,True,yes,True,one year,electronic check,108.3,4586.15,no
7893-ixhrq,male,False,True,True,1,True,no,True,no internet service,True,month-to-month,electronic check,20.55,20.55,yes
3070-bdoqc,female,False,True,True,60,True,fiber optic,True,no,True,two year,electronic check,99.65,5941.05,no
2952-qayzf,male,False,True,True,5,True,fiber optic,True,no,True,month-to-month,electronic check,85.3,424.15,yes
6234-pfpxl,male,False,True,True,22,True,fiber optic,True,yes,True,month-to-month,credit card (automatic),95.9,2234.95,no
9824-qcjpk,male,False,True,True,36,True,no,True,no internet service,True,one year,mailed check,20.0,666.75,no
4763-pgdpo,female,False,True,True,4,True,fiber optic,True,no,True,month-to-month,electronic check,70.4,281.0,yes
4283-ivyci,male,False,True,True,9,True,dsl,True,yes,True,month-to-month,mailed check,64.95,547.8,no
1866-obpnr,male,False,True,True,1,True,fiber optic,True,no,True,month-to-month,credit card (automatic),74.6,74.6,no
8205-mqugy,male,False,True,True,12,True,dsl,True,no,True,month-to-month,electronic check,49.2,571.15,no
8970-anwxo,female,False,True,True,23,True,dsl,True,yes,True,one year,mailed check,73.75,1756.6,no
9480-bqjei,male,False,True,True,62,True,fiber optic,True,no,True,one year,bank transfer (automatic),92.3,5731.45,no
5394-svgjv,male,False,True,True,37,True,fiber optic,True,yes,True,month-to-month,bank transfer (automatic),98.8,3475.55,yes
6979-tndeu,female,False,True,True,8,True,no,True,no internet service,True,month-to-month,mailed check,19.2,156.85,no
9777-wjjpr,male,False,True,True,31,True,fiber optic,True,no,True,month-to-month,credit card (automatic),88.65,2683.2,no
9283-lzqoh,male,False,True,True,13,True,fiber optic,True,no,True,month-to-month,credit card (automatic),74.4,896.75,yes
7079-qrcbc,female,False,True,True,24,True,fiber optic,True,no,True,month-to-month,electronic check,98.75,2407.3,yes
9495-sklkd,male,False,True,True,45,True,fiber optic,True,no,True,month-to-month,bank transfer (automatic),95.95,4456.65,no
6048-uwkal,female,True,True,True,69,True,fiber optic,True,yes,True,two year,credit card (automatic),105.4,6998.95,no
5067-dgxll,male,False,True,True,2,True,no,True,no internet service,True,month-to-month,mailed check,20.25,36.8,no
5469-ctcwn,male,False,True,True,61,True,fiber optic,True,no,True,one year,electronic check,106.0,6547.7,yes
9851-qxeeq,male,False,True,True,41,True,fiber optic,True,no,True,month-to-month,electronic check,104.7,4346.4,yes
6281-fkews,female,False,True,True,44,True,dsl,True,no,True,one year,electronic check,49.05,2265.0,no
8898-kascd,male,False,True,True,39,True,dsl,True,yes,True,one year,mailed check,35.55,1309.15,no
9242-tkfsv,male,False,True,True,72,True,dsl,True,yes,True,two year,credit card (automatic),65.1,4754.3,no
9290-shcmb,female,True,True,True,13,True,fiber optic,True,no,True,month-to-month,electronic check,96.85,1235.55,no
0743-hnpfg,female,False,True,True,51,True,dsl,True,yes,True,one year,credit card (automatic),69.75,3562.5,no
2277-bkjkn,female,True,True,True,71,True,fiber optic,True,no,True,two year,electronic check,99.2,7213.75,no
9809-imgcq,male,True,True,True,22,True,fiber optic,True,no,True,month-to-month,electronic check,96.7,2082.95,yes
5208-hfsbt,female,False,True,True,2,True,dsl,True,yes,True,month-to-month,credit card (automatic),55.05,102.75,yes
5035-pgzxh,female,False,True,True,56,True,fiber optic,True,no,True,one year,electronic check,106.8,5914.4,no
8695-wdyea,male,False,True,True,1,True,dsl,True,no,True,month-to-month,mailed check,51.25,51.25,no
6543-jxsoo,female,False,True,True,23,True,dsl,True,yes,True,one year,mailed check,57.75,1282.85,no
8016-zmgmo,female,True,True,True,66,True,dsl,True,no,True,one year,bank transfer (automatic),70.85,4738.85,no
8605-ituld,female,False,True,True,1,True,no,True,no internet service,True,month-to-month,mailed check,19.55,19.55,no
3254-yrilk,male,True,True,True,19,True,fiber optic,True,no,True,month-to-month,electronic check,88.2,1775.8,yes
6416-yjttb,male,False,True,True,11,True,fiber optic,True,no,True,month-to-month,bank transfer (automatic),79.5,795.65,no
2667-wylwj,female,False,True,True,8,True,no,True,no internet service,True,one year,mailed check,19.75,145.0,yes
4472-vesgy,female,False,True,True,52,True,fiber optic,True,no,True,month-to-month,bank transfer (automatic),98.15,4993.4,no
3195-tqdzx,male,False,True,True,3,True,no,True,no internet service,True,month-to-month,electronic check,20.25,61.45,no
3128-yovtd,female,False,True,True,51,True,fiber optic,True,no,True,month-to-month,bank transfer (automatic),79.15,4018.55,no
0529-onker,male,True,True,True,15,True,fiber optic,True,no,True,month-to-month,electronic check,75.65,1146.65,yes
1728-cxqbe,male,True,True,True,64,True,fiber optic,True,no,True,month-to-month,electronic check,94.25,6081.4,no
7041-txqjh,female,False,True,True,37,True,dsl,True,no,True,month-to-month,credit card (automatic),40.2,1478.85,no
5014-gsouq,male,False,True,True,13,True,no,True,no internet service,True,two year,mailed check,19.95,243.65,no
5724-bidbu,male,False,True,True,49,True,dsl,True,no,True,one year,electronic check,55.35,2633.95,no
0481-sumcb,female,True,True,True,45,True,fiber optic,True,no,True,one year,bank transfer (automatic),102.15,4735.35,no
1769-gruik,female,False,True,True,18,True,fiber optic,True,no,True,month-to-month,electronic check,71.1,1247.75,no
5240-ijoqt,male,True,True,True,1,True,fiber optic,True,no,True,month-to-month,electronic check,74.7,74.7,yes
8819-wfggj,male,False,True,True,68,True,dsl,True,no,True,two year,bank transfer (automatic),54.1,3794.5,no
7427-aufpy,male,False,True,True,54,True,no,True,no internet service,True,two year,credit card (automatic),19.65,1008.7,no
2811-povex,female,True,True,True,23,True,fiber optic,True,no,True,month-to-month,bank transfer (automatic),88.45,2130.55,no
1092-ganhu,male,False,True,True,17,True,fiber optic,True,no,True,month-to-month,electronic check,76.65,1313.55,yes
7898-pdwqe,male,False,True,True,71,True,dsl,True,yes,True,two year,credit card (automatic),80.4,5727.15,no
9972-ewrjs,female,False,True,True,67,True,no,True,no internet service,True,two year,bank transfer (automatic),19.25,1372.9,no
9314-ijwsq,female,False,True,True,14,True,fiber optic,True,no,True,month-to-month,electronic check,84.8,1203.9,no
0661-xeyan,female,True,True,True,1,True,dsl,True,no,True,month-to-month,mailed check,25.8,25.8,yes
5799-jrczo,female,False,True,True,63,True,no,True,no internet service,True,two year,credit card (automatic),19.5,1215.1,no
1921-kysay,female,False,True,True,41,True,dsl,True,yes,True,one year,electronic check,68.6,2877.05,no
6198-rtpmf,female,False,True,True,17,True,fiber optic,True,no,True,month-to-month,electronic check,92.6,1579.7,no
2924-khuvi,male,False,True,True,56,True,fiber optic,True,no,True,one year,electronic check,100.55,5514.95,no
1925-gmvbw,female,False,True,True,5,True,no,True,no internet service,True,month-to-month,credit card (automatic),20.55,96.1,no
7881-evuad,female,False,True,True,2,True,dsl,True,no,True,month-to-month,electronic check,42.6,72.4,yes
6184-dyuob,female,False,True,True,3,True,no,True,no internet service,True,month-to-month,mailed check,19.6,55.25,no
9207-zpanb,male,False,True,True,37,True,dsl,True,yes,True,one year,electronic check,67.45,2443.3,no
5766-xqxmq,female,False,True,True,29,True,dsl,True,no,True,month-to-month,bank transfer (automatic),68.85,1970.5,yes
9327-qsded,male,False,True,True,8,True,dsl,True,no,True,month-to-month,mailed check,43.55,335.4,no
1656-drsmg,female,False,True,True,63,True,fiber optic,True,yes,True,month-to-month,credit card (automatic),109.85,7002.95,no
3012-vffmn,female,False,True,True,7,True,no,True,no internet service,True,month-to-month,mailed check,20.65,158.95,no
2984-afwnc,female,False,True,True,3,True,fiber optic,True,no,True,month-to-month,electronic check,95.4,293.15,no
0640-yjtpy,male,False,True,True,72,True,no,True,no internet service,True,two year,bank transfer (automatic),21.0,1493.75,no
8096-loist,female,False,True,True,19,True,dsl,True,no,True,month-to-month,electronic check,56.2,1093.4,no
9764-reaff,female,False,True,True,59,True,no,True,no internet service,True,two year,bank transfer (automatic),18.4,1057.85,no
3703-vavcl,male,False,True,True,2,True,fiber optic,True,yes,True,month-to-month,credit card (automatic),90.0,190.05,yes
7107-ubyky,female,False,True,True,35,True,no,True,no internet service,True,month-to-month,electronic check,25.75,882.55,no
4881-gqjtw,male,False,True,True,14,True,no,True,no internet service,True,month-to-month,credit card (automatic),19.6,300.4,no
8519-qjgjd,female,False,True,True,14,True,fiber optic,True,no,True,month-to-month,electronic check,75.35,1025.95,yes
7876-dnyap,female,False,True,True,69,True,no,True,no internet service,True,two year,credit card (automatic),19.8,1436.95,no
7905-njmxs,male,True,True,True,7,True,dsl,True,yes,True,month-to-month,electronic check,64.2,475.0,no
2882-wdtba,male,False,True,True,69,True,dsl,True,yes,True,two year,bank transfer (automatic),75.75,5388.15,no
2091-gppiq,female,False,True,True,72,True,dsl,True,yes,True,two year,electronic check,78.95,5730.15,no
6326-mttxk,male,False,True,True,8,True,fiber optic,True,no,True,month-to-month,electronic check,100.85,819.55,yes
5071-fbjfs,female,False,True,True,4,True,dsl,True,no,True,month-to-month,electronic check,50.3,217.1,no
2796-uuzzo,male,False,True,True,63,True,fiber optic,True,no,True,month-to-month,credit card (automatic),80.3,4896.35,no
2429-aykko,male,False,True,True,72,True,no,True,no internet service,True,two year,bank transfer (automatic),19.85,1434.1,no
9798-opfem,female,False,True,True,46,True,no,True,no internet service,True,two year,electronic check,21.1,937.1,no
0330-ivzha,female,False,True,True,5,True,fiber optic,True,no,True,month-to-month,electronic check,69.95,330.15,yes
3794-nfnch,male,False,True,True,30,True,dsl,True,no,True,month-to-month,mailed check,50.0,1474.9,no
5193-qlvzb,male,False,True,True,63,True,fiber optic,True,no,True,two year,bank transfer (automatic),104.75,6536.5,no
7114-aeoze,female,False,True,True,60,True,no,True,no internet service,True,two year,bank transfer (automatic),19.85,1128.1,no
2886-kefum,female,False,True,True,63,True,fiber optic,True,no,True,one year,electronic check,107.5,6873.75,yes
5522-nykpb,male,False,True,True,25,True,fiber optic,True,yes,True,month-to-month,electronic check,85.9,2199.05,no
4237-rlaqd,male,False,True,True,1,True,dsl,True,no,True,month-to-month,mailed check,45.85,45.85,yes
9957-yodkz,male,True,True,True,6,True,fiber optic,True,no,True,month-to-month,electronic check,80.8,457.1,no
6518-kzxcb,male,False,True,True,22,True,no,True,no internet service,True,two year,mailed check,25.25,566.5,no
2245-adzfj,female,False,True,True,31,True,dsl,True,yes,True,two year,bank transfer (automatic),80.55,2471.6,no
7776-qgyjc,female,False,True,True,39,True,fiber optic,True,yes,True,month-to-month,bank transfer (automatic),81.5,3107.3,no
9313-qoltz,male,False,True,True,26,True,no,True,no internet service,True,month-to-month,mailed check,20.9,518.3,no
9651-gtsaq,female,False,True,True,53,True,fiber optic,True,no,True,one year,bank transfer (automatic),106.1,5769.75,yes
3186-baxnb,female,False,True,True,1,True,fiber optic,True,yes,True,month-to-month,electronic check,91.7,91.7,yes
4672-fotsd,male,False,True,True,12,True,dsl,True,yes,True,month-to-month,electronic check,67.25,832.3,no
0637-ylety,female,False,True,True,16,True,fiber optic,True,no,True,month-to-month,credit card (automatic),95.6,1555.65,yes
9818-xqcuv,female,False,True,True,2,True,no,True,no internet service,True,month-to-month,mailed check,20.35,45.3,no
7338-eriva,male,False,True,True,39,True,dsl,True,yes,True,one year,bank transfer (automatic),45.05,1790.6,no
1157-bqcuw,male,False,True,True,1,True,fiber optic,True,no,True,month-to-month,electronic check,74.95,74.95,yes
8259-nfjtv,female,False,True,True,7,True,dsl,True,yes,True,month-to-month,mailed check,34.65,246.6,no
3223-dwfio,male,True,True,True,4,True,fiber optic,True,no,True,month-to-month,electronic check,69.35,261.65,no
2660-emubi,male,True,True,True,10,True,fiber optic,True,no,True,month-to-month,electronic check,95.35,898.35,yes
6968-gmkpr,female,False,True,True,55,True,fiber optic,True,no,True,month-to-month,electronic check,81.55,4509.5,no
4751-erman,male,False,True,True,72,True,dsl,True,no,True,two year,bank transfer (automatic),75.4,5480.25,no
1436-zmjan,female,False,True,True,10,True,dsl,True,no,True,month-to-month,credit card (automatic),67.8,653.15,no
3292-pbzej,male,True,True,True,11,True,fiber optic,True,yes,True,month-to-month,electronic check,111.4,1183.05,no
0799-ddihe,female,False,True,True,15,True,dsl,True,no,True,month-to-month,electronic check,46.3,639.45,no
3070-fnfzq,female,False,True,True,23,True,no,True,no internet service,True,two year,bank transfer (automatic),20.4,478.75,no
2812-sfxmj,male,False,True,True,1,True,no,True,no internet service,True,month-to-month,mailed check,20.05,20.05,no
7675-ozczg,female,True,True,True,3,True,dsl,True,no,True,month-to-month,electronic check,45.0,127.1,yes
5014-wuqmg,male,False,True,True,47,True,fiber optic,True,no,True,one year,electronic check,96.1,4391.45,no
5312-tszvc,female,False,True,True,15,True,no,True,no internet service,True,one year,mailed check,19.65,270.6,no
2003-cklor,male,False,True,True,66,True,fiber optic,True,no,True,month-to-month,electronic check,99.5,6710.5,yes
0993-osgpt,female,True,True,True,68,True,dsl,True,yes,True,one year,bank transfer (automatic),60.65,3975.9,no
9254-rbfon,female,False,True,True,17,True,fiber optic,True,yes,True,one year,bank transfer (automatic),98.6,1704.95,yes
1205-wnwpj,female,False,True,True,7,True,dsl,True,yes,True,month-to-month,mailed check,59.5,415.95,yes
9391-eoyli,male,True,True,True,12,True,fiber optic,True,no,True,month-to-month,electronic check,80.45,950.2,yes
7108-dgvuu,female,True,True,True,21,True,dsl,True,no,True,one year,bank transfer (automatic),71.7,1497.05,no
2782-jeebu,male,False,True,True,21,True,dsl,True,yes,True,month-to-month,mailed check,36.0,780.15,no
5127-bzenz,female,False,True,True,56,True,dsl,True,no,True,one year,bank transfer (automatic),65.2,3512.15,no
2720-fvbqp,female,False,True,True,6,True,dsl,True,no,True,month-to-month,credit card (automatic),48.95,273.25,no
9906-nhhvc,female,True,True,True,65,True,dsl,True,no,True,two year,bank transfer (automatic),53.5,3517.9,no
4522-xrwwi,male,False,True,True,42,True,dsl,True,yes,True,one year,credit card (automatic),80.45,3375.9,no
3766-ejlfl,female,False,True,True,68,True,fiber optic,True,yes,True,two year,bank transfer (automatic),109.05,7508.55,no
5939-sxwhm,male,False,True,True,48,True,no,True,no internet service,True,two year,bank transfer (automatic),26.3,1245.05,no
8152-uobny,female,True,True,True,50,True,fiber optic,True,yes,True,one year,electronic check,106.8,5347.95,no
7351-kyhqh,female,True,True,True,7,True,dsl,True,no,True,month-to-month,electronic check,64.95,493.65,no
7643-rchxs,female,False,True,True,63,True,no,True,no internet service,True,two year,electronic check,19.35,1263.85,no
8246-shfga,male,False,True,True,17,True,no,True,no internet service,True,month-to-month,credit card (automatic),21.1,385.55,no
8387-mojjt,female,False,True,True,42,True,fiber optic,True,no,True,month-to-month,credit card (automatic),77.95,3384.0,yes
0620-xefwh,male,False,True,True,4,True,no,True,no internet service,True,month-to-month,mailed check,18.85,84.2,no
6485-qxwwe,female,False,True,True,62,True,no,True,no internet service,True,two year,bank transfer (automatic),26.0,1638.7,no
2761-ociax,male,True,True,True,2,True,fiber optic,True,no,True,month-to-month,electronic check,74.7,165.4,yes
7321-vgnku,female,False,True,True,2,True,fiber optic,True,no,True,month-to-month,electronic check,70.35,120.25,no
5327-cnluq,male,False,True,True,48,True,fiber optic,True,no,True,two year,bank transfer (automatic),96.9,4473.45,no
7552-keygt,male,False,True,True,27,True,no,True,no internet service,True,two year,bank transfer (automatic),19.55,520.55,no
5816-jmlgy,female,False,True,True,70,True,dsl,True,yes,True,two year,bank transfer (automatic),80.4,5717.85,no
3068-omwza,male,True,True,True,1,True,fiber optic,True,no,True,month-to-month,electronic check,88.8,88.8,yes
2927-qrrqv,male,False,True,True,46,True,fiber optic,True,no,True,one year,electronic check,94.65,4312.5,no
6032-krxxo,male,False,True,True,30,True,fiber optic,True,no,True,month-to-month,electronic check,90.25,2755.35,yes
7459-rrwqz,female,False,True,True,15,True,dsl,True,no,True,month-to-month,bank transfer (automatic),64.65,994.55,yes
6265-sxwbu,male,False,True,True,69,True,fiber optic,True,no,True,one year,credit card (automatic),95.75,6511.25,no
7941-rcjow,male,False,True,True,65,True,no,True,no internet service,True,two year,credit card (automatic),19.55,1218.65,no
6374-ntqlp,male,True,True,True,72,True,fiber optic,True,yes,True,two year,credit card (automatic),104.1,7447.7,no
4154-aqugt,male,True,True,True,13,True,fiber optic,True,yes,True,month-to-month,bank transfer (automatic),89.05,1169.35,yes
2387-kdzqy,male,False,True,True,17,True,no,True,no internet service,True,one year,mailed check,20.1,279.5,no
3584-wkttw,male,False,True,True,51,True,fiber optic,True,yes,True,one year,electronic check,111.55,5720.35,no
3399-bmlvw,male,False,True,True,51,True,dsl,True,yes,True,two year,credit card (automatic),60.5,3121.45,no
1971-dtczb,female,False,True,True,72,True,dsl,True,yes,True,two year,bank transfer (automatic),90.95,6468.6,no
3092-ighwf,male,False,True,True,67,True,fiber optic,True,no,True,one year,electronic check,87.4,5918.8,yes
3374-pzlxd,male,False,True,True,34,True,no,True,no internet service,True,month-to-month,mailed check,19.7,675.6,no
3813-dhbbb,male,False,True,True,67,True,dsl,True,yes,True,two year,bank transfer (automatic),50.95,3521.7,no
2812-reyat,female,False,True,True,49,True,no,True,no internet service,True,one year,bank transfer (automatic),20.05,923.1,no
6518-pplmz,male,False,True,True,53,True,no,True,no internet service,True,two year,mailed check,19.4,1110.35,no
4939-kyypy,male,False,True,True,27,True,dsl,True,yes,True,month-to-month,electronic check,59.45,1611.65,no
8017-lxhfa,female,True,True,True,23,True,fiber optic,True,no,True,month-to-month,electronic check,94.75,2293.6,yes
5930-gbiwp,male,False,True,True,69,True,dsl,True,yes,True,two year,credit card (automatic),81.5,5553.25,no
6022-kouqo,female,False,True,True,2,True,dsl,True,yes,True,month-to-month,bank transfer (automatic),29.05,44.75,no
6352-twcau,female,False,True,True,35,True,fiber optic,True,no,True,month-to-month,electronic check,86.45,3029.1,yes
2361-upsnd,female,False,True,True,46,True,dsl,True,yes,True,one year,mailed check,70.6,3231.05,no
6035-riiom,female,False,True,True,54,True,fiber optic,True,no,True,two year,bank transfer (automatic),97.2,5129.45,no
2929-qnsrw,female,False,True,True,56,True,fiber optic,True,no,True,one year,electronic check,98.25,5508.35,yes
1262-opmfy,female,False,True,True,9,True,fiber optic,True,no,True,month-to-month,bank transfer (automatic),75.75,655.9,yes
9504-dshwm,male,False,True,True,20,True,dsl,True,yes,True,month-to-month,bank transfer (automatic),59.2,1191.2,no
5035-bvcxs,male,False,True,True,11,True,fiber optic,True,no,True,month-to-month,mailed check,75.9,866.4,no
6267-dcffz,female,True,True,True,30,True,fiber optic,True,no,True,month-to-month,electronic check,90.05,2627.2,no
3533-uvmom,male,False,True,True,68,True,dsl,True,no,True,two year,bank transfer (automatic),70.95,4741.45,no
2439-lypmq,male,True,True,True,38,True,fiber optic,True,no,True,month-to-month,electronic check,102.6,4009.2,no
4248-qpavc,female,True,True,True,17,True,fiber optic,True,no,True,month-to-month,bank transfer (automatic),85.35,1463.45,yes
1899-vxwxm,male,False,True,True,48,True,fiber optic,True,no,True,one year,credit card (automatic),106.1,5082.8,yes
1478-vpoad,female,False,True,True,1,True,dsl,True,no,True,month-to-month,electronic check,43.8,43.8,no
9995-hotoh,male,False,True,True,63,True,dsl,True,no,True,two year,electronic check,59.0,3707.6,no
2988-plahs,female,False,True,True,3,True,dsl,True,no,True,one year,electronic check,69.95,220.45,no
1371-ojcek,female,False,True,True,48,True,no,True,no internet service,True,one year,bank transfer (automatic),24.35,1133.7,no
4999-iezlt,male,False,True,True,66,True,dsl,True,yes,True,one year,credit card (automatic),29.45,1983.15,no
8883-anodq,female,False,True,True,68,True,fiber optic,True,no,True,two year,credit card (automatic),84.4,5746.75,no
4690-llkua,male,True,True,True,17,True,dsl,True,no,True,month-to-month,electronic check,45.05,770.6,yes
2351-rrbue,female,False,True,True,7,True,no,True,no internet service,True,one year,mailed check,20.65,134.05,no
5980-bdhpy,male,False,True,True,72,True,dsl,True,yes,True,two year,bank transfer (automatic),87.1,6230.1,no
1498-dqnrx,female,False,True,True,29,True,no,True,no internet service,True,month-to-month,mailed check,19.85,573.05,no
9469-wejbt,male,False,True,True,37,True,fiber optic,True,yes,True,month-to-month,electronic check,90.35,3419.3,no
3331-hqdtw,female,False,True,True,34,True,fiber optic,True,no,True,month-to-month,mailed check,109.8,3587.25,yes
9490-dfpmd,female,True,True,True,42,True,fiber optic,True,no,True,month-to-month,electronic check,84.65,3541.35,yes
2581-vkirt,female,False,True,True,59,True,dsl,True,yes,True,one year,mailed check,65.5,3801.3,no
5442-xsdcw,male,False,True,True,11,True,fiber optic,True,no,True,month-to-month,bank transfer (automatic),79.5,868.5,yes
7426-weijx,male,True,True,True,60,True,fiber optic,True,no,True,month-to-month,electronic check,80.95,4859.1,no
2851-mmutz,female,False,True,True,27,True,dsl,True,yes,True,month-to-month,mailed check,56.15,1439.35,no
3049-ndxfl,female,False,True,True,1,True,fiber optic,True,no,True,month-to-month,mailed check,85.8,85.8,yes
8580-aecuz,male,True,True,True,1,True,fiber optic,True,no,True,month-to-month,electronic check,79.1,79.1,yes
3307-tlcud,male,False,True,True,17,True,dsl,True,no,True,month-to-month,mailed check,34.4,592.75,no
6625-fleno,male,False,True,True,58,True,no,True,no internet service,True,two year,mailed check,20.75,1185.95,no
2967-mxrav,male,False,True,True,1,True,no,True,no internet service,True,one year,mailed check,18.8,18.8,no
7963-gqrmy,female,False,True,True,3,True,dsl,True,no,True,month-to-month,mailed check,44.3,134.5,yes
8189-hbvrw,female,False,True,True,53,True,fiber optic,True,no,True,month-to-month,electronic check,90.8,4921.2,no
4163-kiuhy,male,False,True,True,35,True,no,True,no internet service,True,month-to-month,electronic check,25.6,901.25,no
1228-fzfrv,male,False,True,True,50,True,fiber optic,True,no,True,month-to-month,credit card (automatic),105.95,5341.8,yes
3500-nsdoa,male,False,True,True,68,True,dsl,True,yes,True,two year,credit card (automatic),70.8,4859.95,no
1171-tykur,male,False,True,True,47,True,no,True,no internet service,True,month-to-month,electronic check,25.4,1139.2,no
3761-flyzi,female,True,True,True,65,True,fiber optic,True,no,True,month-to-month,bank transfer (automatic),108.8,7082.45,no
2058-dcjbe,male,False,True,True,5,True,fiber optic,True,no,True,month-to-month,electronic check,69.75,324.6,yes
5364-xyirr,male,False,True,True,51,True,fiber optic,True,no,True,month-to-month,electronic check,94.65,4812.75,yes
4829-auoax,female,False,True,True,46,True,fiber optic,True,no,True,month-to-month,bank transfer (automatic),96.05,4399.5,yes
1219-nnddo,female,False,True,True,9,True,fiber optic,True,no,True,month-to-month,electronic check,76.85,663.55,no
8388-dmkae,female,False,True,True,8,True,no,True,no internet service,True,two year,mailed check,20.25,174.65,no
4403-bwpay,male,False,True,True,14,True,no,True,no internet service,True,one year,credit card (automatic),24.8,321.7,no
9659-qeqsy,female,False,True,True,45,True,fiber optic,True,yes,True,month-to-month,electronic check,115.65,5125.5,no
5405-zmyxq,female,False,True,True,8,True,fiber optic,True,no,True,month-to-month,credit card (automatic),74.6,548.9,no
5047-lhvly,male,True,True,True,1,True,dsl,True,no,True,month-to-month,mailed check,50.15,50.15,yes
1442-okrje,male,False,True,True,66,True,fiber optic,True,no,True,one year,bank transfer (automatic),103.15,7031.3,no
4737-aqcpu,male,False,True,True,72,True,dsl,True,yes,True,two year,credit card (automatic),72.1,5016.65,no
9158-vctqb,female,False,True,True,41,True,fiber optic,True,yes,True,month-to-month,bank transfer (automatic),113.6,4594.95,yes
2808-chtdm,female,False,True,True,23,True,no,True,no internet service,True,two year,mailed check,25.1,611.45,no
6311-ueume,female,False,True,True,29,True,fiber optic,True,no,True,month-to-month,electronic check,78.9,2384.15,yes
0793-tweln,female,False,True,True,4,True,fiber optic,True,no,True,month-to-month,electronic check,80.15,319.85,no
3283-wcwxt,male,False,True,True,6,True,no,True,no internet service,True,two year,mailed check,25.4,153.3,no
1060-entof,female,True,True,True,67,True,fiber optic,True,yes,True,one year,credit card (automatic),105.4,7035.6,no
0999-qxnsa,male,True,True,True,7,True,dsl,True,no,True,month-to-month,mailed check,45.75,344.2,no
5451-mhqof,male,False,True,True,56,True,no,True,no internet service,True,one year,mailed check,24.45,1431.65,no
4836-wnfno,female,False,True,True,72,True,no,True,no internet service,True,two year,credit card (automatic),25.0,1849.2,no
9225-bzlnz,male,False,True,True,72,True,dsl,True,no,True,two year,electronic check,85.25,6083.1,no
0354-vxmjc,male,False,True,True,23,True,no,True,no internet service,True,two year,credit card (automatic),19.6,426.65,no
4422-qvija,female,False,True,True,35,True,dsl,True,no,True,month-to-month,mailed check,50.15,1655.35,no
9365-srsze,male,True,True,True,27,True,fiber optic,True,no,True,month-to-month,electronic check,70.55,1943.9,no
6839-itvzj,female,False,True,True,26,True,dsl,True,yes,True,month-to-month,electronic check,60.05,1616.15,yes
8332-osjdw,male,False,True,True,12,True,no,True,no internet service,True,one year,mailed check,26.4,314.95,no
4735-bjkou,female,False,True,True,40,True,no,True,no internet service,True,two year,mailed check,20.15,804.85,no
0274-jkujr,male,False,True,True,7,True,dsl,True,no,True,month-to-month,mailed check,58.85,465.7,no
5740-yhgtw,male,False,True,True,70,True,fiber optic,True,no,True,month-to-month,credit card (automatic),97.55,6669.05,no
8917-szttj,male,False,True,True,60,True,no,True,no internet service,True,two year,credit card (automatic),19.65,1161.75,no
1696-mzvau,male,False,True,True,39,True,dsl,True,no,True,one year,credit card (automatic),25.25,947.75,no
7359-wwyjv,male,False,True,True,72,True,fiber optic,True,yes,True,two year,credit card (automatic),114.45,8375.05,no
0375-hvgxo,female,False,True,True,1,True,dsl,True,no,True,month-to-month,electronic check,34.7,34.7,yes
4906-zhgpk,male,False,True,True,54,True,dsl,True,yes,True,one year,electronic check,70.7,3770.0,no
8593-whyhv,male,False,True,True,3,True,fiber optic,True,no,True,month-to-month,electronic check,85.3,264.8,yes
3795-gwtrd,female,False,True,True,63,True,dsl,True,yes,True,two year,credit card (automatic),75.55,4707.85,no
1298-phbti,male,False,True,True,71,True,fiber optic,True,yes,True,two year,electronic check,84.8,6152.4,no
6223-dhjgv,female,False,True,True,42,True,no,True,no internet service,True,one year,mailed check,20.65,958.1,no
6961-mjkbo,male,False,True,True,47,True,no,True,no internet service,True,two year,bank transfer (automatic),20.45,943.0,no
6097-eqisj,female,False,True,True,66,True,fiber optic,True,no,True,one year,credit card (automatic),102.45,6615.15,yes
4423-ylhdv,female,False,True,True,21,True,fiber optic,True,no,True,month-to-month,bank transfer (automatic),104.4,2200.25,yes
8158-wpezg,male,False,True,True,11,True,dsl,True,yes,True,month-to-month,electronic check,35.65,425.1,no
0107-yhina,male,False,True,True,1,True,fiber optic,True,no,True,month-to-month,electronic check,99.75,99.75,yes
4918-fyjnt,female,True,True,True,55,True,fiber optic,True,yes,True,month-to-month,electronic check,90.45,5044.8,no
0727-bnrlg,male,False,True,True,69,True,fiber optic,True,yes,True,two year,credit card (automatic),97.65,6743.55,no
4854-cidcf,female,True,True,True,3,True,fiber optic,True,no,True,month-to-month,electronic check,73.85,196.4,no
8640-sdgkb,male,False,True,True,4,True,dsl,True,yes,True,month-to-month,electronic check,74.4,299.7,yes
3280-mrdof,male,True,True,True,30,True,dsl,True,yes,True,two year,credit card (automatic),69.1,2093.9,no
6435-srwbj,female,False,True,True,5,True,fiber optic,True,yes,True,month-to-month,electronic check,82.75,417.75,no
9964-wbqdj,female,False,True,True,71,True,no,True,no internet service,True,two year,credit card (automatic),24.4,1725.4,no
6303-kfwsl,female,False,True,True,29,True,dsl,True,no,True,one year,electronic check,55.25,1620.2,no
1702-ccfnj,male,False,True,True,52,True,dsl,True,yes,True,month-to-month,bank transfer (automatic),61.35,3169.55,no
8932-czhrq,male,False,True,True,68,True,dsl,True,no,True,one year,credit card (automatic),76.75,5233.25,no
0386-cwrgm,female,False,True,True,46,True,no,True,no internet service,True,two year,mailed check,19.4,967.85,no
5515-rugkn,male,False,True,True,8,True,dsl,True,no,True,month-to-month,credit card (automatic),54.75,438.05,no
0404-ahasp,male,False,True,True,72,True,no,True,no internet service,True,two year,credit card (automatic),19.7,1421.9,no
7279-nmvjc,female,False,True,True,17,True,no,True,no internet service,True,one year,bank transfer (automatic),19.9,323.15,no
2081-veyeh,male,False,True,True,3,True,fiber optic,True,yes,True,month-to-month,electronic check,107.95,318.6,no
6407-utslv,female,True,True,True,2,True,fiber optic,True,no,True,month-to-month,bank transfer (automatic),83.8,163.7,no
4116-tzaqj,female,False,True,True,9,True,fiber optic,True,no,True,month-to-month,credit card (automatic),74.25,639.65,yes
9060-hjjrw,female,False,True,True,51,True,dsl,True,no,True,one year,credit card (automatic),56.4,2928.5,no
2587-ynles,female,False,True,True,6,True,no,True,no internet service,True,two year,mailed check,20.1,100.35,no
7398-sknqz,female,False,True,True,3,True,fiber optic,True,no,True,month-to-month,electronic check,94.9,273.2,no
5935-fccnb,female,True,True,True,17,True,fiber optic,True,no,True,month-to-month,electronic check,94.2,1608.15,no
1958-rnrks,male,False,True,True,30,True,dsl,True,no,True,month-to-month,electronic check,49.9,1441.95,no
5136-rgmzo,male,False,True,True,31,True,dsl,True,yes,True,month-to-month,electronic check,71.05,2168.15,no
8345-mvdyc,female,False,True,True,45,True,dsl,True,yes,True,two year,bank transfer (automatic),81.65,3618.7,no
8226-bxges,male,False,True,True,64,True,fiber optic,True,no,True,one year,bank transfer (automatic),89.45,5692.65,no
3877-jrjip,male,False,True,True,1,True,dsl,True,no,True,month-to-month,electronic check,59.85,59.85,yes
8375-dkebr,female,True,True,True,1,True,fiber optic,True,no,True,month-to-month,electronic check,69.6,69.6,yes
9705-iovqq,male,True,True,True,61,True,fiber optic,True,no,True,one year,electronic check,99.0,5969.3,no
1015-owjki,male,False,True,True,1,True,no,True,no internet service,True,month-to-month,mailed check,19.05,19.05,no
7511-ymxvq,male,False,True,True,9,True,dsl,True,no,True,month-to-month,electronic check,45.4,418.8,yes
2040-xbavj,male,False,True,True,72,True,fiber optic,True,yes,True,two year,bank transfer (automatic),114.45,8100.55,no
7551-johti,female,False,True,True,1,True,no,True,no internet service,True,month-to-month,mailed check,19.5,19.5,yes
8887-ipqnc,female,False,True,True,7,True,dsl,True,no,True,month-to-month,mailed check,44.25,313.45,no
8646-jcoms,female,False,True,True,66,True,fiber optic,True,yes,True,one year,bank transfer (automatic),90.55,6130.95,no
9804-icwbg,male,False,True,True,1,True,fiber optic,True,no,True,month-to-month,electronic check,69.9,69.9,yes
1222-kjnzd,male,False,True,True,40,True,no,True,no internet service,True,month-to-month,bank transfer (automatic),20.4,745.3,no
0106-ghrqr,male,False,True,True,16,True,dsl,True,no,True,month-to-month,bank transfer (automatic),71.4,1212.1,no
5318-ixuzf,female,False,True,True,2,True,fiber optic,True,no,True,month-to-month,bank transfer (automatic),87.15,183.75,yes
3768-vhxqo,male,False,True,True,67,True,no,True,no internet service,True,two year,credit card (automatic),24.85,1583.5,no
8952-wcvcd,female,False,True,True,41,True,fiber optic,True,no,True,one year,bank transfer (automatic),104.45,4162.05,no
2418-tpeun,female,False,True,True,56,True,no,True,no internet service,True,two year,credit card (automatic),19.8,1119.9,no
3963-ryfns,female,False,True,True,72,True,fiber optic,True,yes,True,two year,bank transfer (automatic),116.45,8013.55,no
3198-velrd,female,False,True,True,3,True,fiber optic,True,no,True,month-to-month,bank transfer (automatic),84.75,264.85,yes
8540-zqgea,female,False,True,True,54,True,no,True,no internet service,True,two year,credit card (automatic),20.05,1102.4,no
1320-rehcs,male,True,True,True,52,True,fiber optic,True,yes,True,month-to-month,electronic check,110.75,5832.0,no
4137-jophl,female,False,True,True,50,True,fiber optic,True,yes,True,two year,bank transfer (automatic),89.7,4304.5,no
9436-zbzct,male,False,True,True,14,True,fiber optic,True,yes,True,month-to-month,electronic check,89.95,1178.4,yes
7801-cednv,male,False,True,True,27,True,dsl,True,no,True,one year,credit card (automatic),48.7,1421.75,no
2057-boykm,female,True,True,True,72,True,fiber optic,True,yes,True,two year,bank transfer (automatic),96.6,6827.5,no
3658-qqjyd,male,False,True,True,62,True,dsl,True,no,True,one year,credit card (automatic),74.3,4698.05,no
1803-bgnbd,female,False,True,True,12,True,dsl,True,yes,True,month-to-month,electronic check,54.3,654.5,no
0134-xwxce,female,True,True,True,44,True,dsl,True,yes,True,one year,bank transfer (automatic),74.85,3268.05,no
6950-twmyb,male,False,True,True,54,True,fiber optic,True,yes,True,two year,bank transfer (automatic),79.95,4362.05,no
5848-fhrfc,female,False,True,True,68,True,no,True,no internet service,True,two year,bank transfer (automatic),20.05,1386.9,no
2243-fnmmi,male,False,True,True,20,True,no,True,no internet service,True,month-to-month,mailed check,19.4,415.4,no
2511-morqy,male,False,True,True,50,True,dsl,True,no,True,one year,bank transfer (automatic),54.9,2614.1,no
5356-kzckt,male,False,True,True,58,True,no,True,no internet service,True,two year,credit card (automatic),24.45,1513.6,no
9470-xccem,male,False,True,True,35,True,fiber optic,True,no,True,month-to-month,bank transfer (automatic),89.65,3161.6,no
6519-cfdbx,female,False,True,True,2,True,dsl,True,no,True,month-to-month,electronic check,45.4,80.95,no
3902-mivle,male,False,True,True,63,True,dsl,True,yes,True,two year,mailed check,75.7,4676.7,no
0409-wtmpl,female,False,True,True,58,True,fiber optic,True,no,True,one year,credit card (automatic),110.65,6526.65,no
8763-kiafh,female,False,True,True,27,True,no,True,no internet service,True,one year,mailed check,20.55,583.3,no
3669-whafy,female,False,True,True,71,True,fiber optic,True,yes,True,two year,credit card (automatic),115.15,8078.1,no
3055-vtcgs,female,False,True,True,63,True,dsl,True,no,True,one year,credit card (automatic),58.55,3503.5,no
3144-kmtwz,male,False,True,True,71,True,fiber optic,True,no,True,month-to-month,bank transfer (automatic),93.25,6669.45,no
7279-buywn,female,True,True,True,41,True,fiber optic,True,no,True,month-to-month,electronic check,113.2,4689.5,yes
7156-mhugy,male,True,True,True,13,True,fiber optic,True,no,True,month-to-month,electronic check,90.5,1201.15,yes
7198-glxtc,male,False,True,True,2,True,fiber optic,True,no,True,month-to-month,electronic check,79.0,143.65,yes
2007-qvgaw,female,False,True,True,68,True,no,True,no internet service,True,two year,bank transfer (automatic),19.35,1292.65,no
5207-plstk,male,False,True,True,1,True,dsl,True,no,True,month-to-month,mailed check,48.75,48.75,no
2307-fynnl,male,True,True,True,65,True,fiber optic,True,yes,True,two year,electronic check,109.05,7108.2,no
5605-xnwen,male,True,True,True,72,True,no,True,no internet service,True,two year,bank transfer (automatic),25.0,1802.55,no
2155-amqrx,female,False,True,True,28,True,dsl,True,yes,True,month-to-month,credit card (automatic),54.9,1505.15,no
6181-axxyf,male,False,True,True,72,True,no,True,no internet service,True,two year,credit card (automatic),24.75,1859.1,no
5091-hfazw,female,False,True,True,2,True,fiber optic,True,no,True,month-to-month,electronic check,91.15,168.5,no
0516-vrybw,female,False,True,True,18,True,no,True,no internet service,True,one year,bank transfer (automatic),20.15,390.85,yes
2519-lbnql,male,True,True,True,60,True,fiber optic,True,no,True,one year,electronic check,104.35,6339.45,no
8623-ulfnq,female,True,True,True,26,True,dsl,True,yes,True,month-to-month,electronic check,66.05,1652.4,no
8380-pefpe,male,False,True,True,1,True,fiber optic,True,no,True,month-to-month,electronic check,71.65,71.65,yes
5687-dkdtv,female,False,True,True,4,True,no,True,no internet service,True,month-to-month,mailed check,20.35,77.5,yes
1568-ljszu,male,False,True,True,68,True,dsl,True,yes,True,two year,credit card (automatic),92.2,6392.85,no
7530-hdyds,female,False,True,True,38,True,fiber optic,True,yes,True,month-to-month,credit card (automatic),84.25,3264.5,yes
7789-hksbs,female,True,True,True,42,True,fiber optic,True,no,True,one year,bank transfer (automatic),105.2,4599.15,no
7416-cktep,female,False,True,True,57,True,no,True,no internet service,True,two year,bank transfer (automatic),19.6,1134.25,no
2586-cwxvv,male,False,True,True,54,True,dsl,True,no,True,month-to-month,electronic check,30.4,1621.35,no
3096-izetn,female,False,True,True,12,True,fiber optic,True,no,True,month-to-month,bank transfer (automatic),78.1,947.3,yes
2348-kcjlt,female,False,True,True,44,True,dsl,True,no,True,one year,mailed check,61.5,2722.2,no
8401-emuwf,male,False,True,True,42,True,dsl,True,no,True,month-to-month,bank transfer (automatic),69.4,3058.3,no
4193-ibksw,male,False,True,True,72,True,no,True,no internet service,True,two year,bank transfer (automatic),24.75,1769.6,no
5377-ndtou,female,False,True,True,71,True,dsl,True,yes,True,two year,mailed check,91.05,6293.75,no
5922-abdvo,female,False,True,True,19,True,fiber optic,True,no,True,month-to-month,mailed check,89.65,1761.05,yes
2474-lcnue,female,False,True,True,23,True,dsl,True,yes,True,month-to-month,credit card (automatic),73.65,1642.75,no
0839-qnxme,female,False,True,True,30,True,no,True,no internet service,True,two year,credit card (automatic),19.4,578.5,no
3506-ovlkd,male,False,True,True,35,True,no,True,no internet service,True,one year,bank transfer (automatic),26.2,954.9,no
9172-ancrx,female,False,True,True,10,True,fiber optic,True,no,True,month-to-month,electronic check,98.7,973.25,yes
6650-vjonk,male,False,True,True,1,True,dsl,True,no,True,month-to-month,bank transfer (automatic),43.85,43.85,no
2178-pmgcj,male,False,True,True,22,True,fiber optic,True,no,True,month-to-month,mailed check,69.7,1490.4,no
7492-tafjd,male,False,True,True,7,True,dsl,True,no,True,two year,mailed check,38.55,280.0,no
2773-madbq,female,False,True,True,36,True,dsl,True,yes,True,two year,mailed check,53.1,1901.25,no
6016-lvtjq,female,False,True,True,34,True,no,True,no internet service,True,month-to-month,mailed check,20.65,716.4,no
7860-ksugx,male,False,True,True,72,True,dsl,True,no,True,two year,credit card (automatic),64.45,4720.0,no
8966-kzxxa,male,False,True,True,36,True,no,True,no internet service,True,two year,credit card (automatic),25.1,930.95,no
6910-hadcm,female,False,True,True,1,True,fiber optic,True,no,True,month-to-month,electronic check,76.35,76.35,yes
4816-lxzyw,female,False,True,True,23,True,fiber optic,True,no,True,month-to-month,electronic check,79.15,1676.95,yes
9606-pbkbq,male,True,True,True,32,True,fiber optic,True,no,True,month-to-month,electronic check,85.0,2642.05,yes
5149-qyttu,female,False,True,True,71,True,fiber optic,True,yes,True,one year,credit card (automatic),95.15,6770.85,no
2070-xymfh,female,True,True,True,23,True,fiber optic,True,no,True,month-to-month,mailed check,79.35,1835.3,no
2085-bojki,male,False,True,True,17,True,fiber optic,True,no,True,one year,bank transfer (automatic),96.65,1588.25,no
0817-hsuse,male,False,True,True,1,True,dsl,True,yes,True,month-to-month,electronic check,75.5,75.5,no
5442-pptjy,male,False,True,True,12,True,no,True,no internet service,True,two year,mailed check,19.7,258.35,no
1927-qewmy,female,False,True,True,72,True,no,True,no internet service,True,two year,credit card (automatic),20.5,1502.25,no
1663-mhlhe,male,False,True,True,1,True,no,True,no internet service,True,month-to-month,mailed check,19.2,19.2,no
5663-qbgis,male,True,True,True,72,True,fiber optic,True,no,True,two year,bank transfer (automatic),98.35,6929.4,no
4450-mdzfx,male,False,True,True,60,True,fiber optic,True,no,True,month-to-month,bank transfer (automatic),74.35,4453.3,no
6701-dhkwq,female,False,True,True,61,True,dsl,True,yes,True,two year,credit card (automatic),51.35,3244.4,no
7554-akdqf,female,False,True,True,6,True,dsl,True,no,True,month-to-month,mailed check,45.65,323.45,no
3536-iqctx,male,True,True,True,32,True,fiber optic,True,no,True,month-to-month,electronic check,85.3,2661.1,yes
4911-banwh,female,False,True,True,31,True,fiber optic,True,no,True,month-to-month,credit card (automatic),86.55,2697.4,yes
8496-ejaui,male,False,True,True,19,True,fiber optic,True,no,True,month-to-month,credit card (automatic),73.85,1424.5,yes
0794-yvsge,male,False,True,True,72,True,no,True,no internet service,True,two year,bank transfer (automatic),20.3,1401.15,no
5423-bhixo,female,False,True,True,32,True,dsl,True,no,True,month-to-month,electronic check,54.2,1739.6,no
6908-vvyhm,male,False,True,True,65,True,fiber optic,True,no,True,month-to-month,electronic check,90.65,5931.0,no
2959-eexwb,female,False,True,True,45,True,dsl,True,no,True,month-to-month,bank transfer (automatic),50.9,2333.85,no
1839-umack,male,False,True,True,42,True,no,True,no internet service,True,one year,electronic check,25.05,949.85,no
3030-ydnrm,male,False,True,True,8,True,fiber optic,True,no,True,month-to-month,electronic check,74.85,572.45,no
7321-kksdu,male,False,True,True,32,True,no,True,no internet service,True,two year,mailed check,20.5,696.8,no
3402-xriuo,female,True,True,True,22,True,dsl,True,yes,True,month-to-month,mailed check,63.55,1381.8,no
3132-tvfdz,male,True,True,True,57,True,dsl,True,no,True,month-to-month,electronic check,44.85,2572.95,yes
8286-afuyi,male,False,True,True,1,True,dsl,True,no,True,month-to-month,electronic check,47.95,47.95,no
8080-ddemj,male,True,True,True,1,True,dsl,True,no,True,month-to-month,electronic check,45.1,45.1,yes
8356-wuaoj,female,False,True,True,1,True,dsl,True,no,True,month-to-month,electronic check,45.0,45.0,no
6365-mtgzx,male,False,True,True,24,True,fiber optic,True,yes,True,month-to-month,electronic check,96.0,2122.45,yes
1349-wxngg,male,False,True,True,1,True,no,True,no internet service,True,month-to-month,bank transfer (automatic),20.05,20.05,yes
8058-dmyru,male,True,True,True,54,True,fiber optic,True,no,True,month-to-month,electronic check,90.05,4931.8,no
9350-zxyjc,female,False,True,True,4,True,no,True,no internet service,True,two year,credit card (automatic),25.3,116.95,no
6990-ynrio,male,False,True,True,65,True,fiber optic,True,yes,True,two year,bank transfer (automatic),108.65,6937.95,yes
8958-jptrr,female,False,True,True,56,True,no,True,no internet service,True,one year,electronic check,24.3,1261.7,no
6959-gqegv,male,False,True,True,45,True,dsl,True,no,True,month-to-month,electronic check,75.95,3273.8,no
3173-wssue,female,False,True,True,71,True,no,True,no internet service,True,two year,credit card (automatic),19.7,1415.85,no
1265-hvpzb,male,False,True,True,59,True,dsl,True,no,True,one year,credit card (automatic),66.4,3958.2,no
4115-umjfq,male,False,True,True,69,True,dsl,True,no,True,one year,bank transfer (automatic),35.75,2492.25,no
7369-trpfd,male,False,True,True,19,True,no,True,no internet service,True,one year,mailed check,18.8,279.2,no
1098-kfqec,female,False,True,True,55,True,no,True,no internet service,True,two year,credit card (automatic),19.4,1083.0,no
7190-xhtwj,female,False,True,True,38,True,no,True,no internet service,True,one year,mailed check,19.3,755.5,no
0621-twiem,male,False,True,True,10,True,dsl,True,no,True,month-to-month,electronic check,45.55,402.6,yes
3537-rybhh,female,True,True,True,47,True,dsl,True,no,True,month-to-month,credit card (automatic),67.45,3252.0,no
2485-itvkb,female,False,True,True,2,True,dsl,True,no,True,month-to-month,electronic check,35.1,68.75,yes
3669-oysji,male,False,True,True,1,True,dsl,True,no,True,month-to-month,credit card (automatic),46.2,46.2,yes
1612-eohdh,female,False,True,True,1,True,dsl,True,no,True,month-to-month,electronic check,45.15,45.15,yes
6702-ohfwr,male,True,True,True,1,True,dsl,True,no,True,month-to-month,electronic check,43.3,43.3,yes
5296-bfcyd,male,False,True,True,46,True,no,True,no internet service,True,two year,mailed check,20.1,936.85,no
4510-pyush,female,True,True,True,38,True,dsl,True,no,True,month-to-month,credit card (automatic),57.15,2250.65,yes
9359-janws,female,False,True,True,65,True,dsl,True,yes,True,two year,credit card (automatic),58.9,3857.1,no
7517-sawmo,female,False,True,True,19,True,fiber optic,True,no,True,month-to-month,electronic check,73.2,1441.1,yes
4143-hhpmk,male,False,True,True,52,True,fiber optic,True,no,True,month-to-month,electronic check,85.35,4338.6,yes
3279-dyzqm,male,False,True,True,71,True,no,True,no internet service,True,two year,mailed check,19.45,1378.45,no
7054-lgeqw,female,False,True,True,1,True,dsl,True,no,True,month-to-month,mailed check,45.95,45.95,yes
0523-vngtf,female,True,True,True,52,True,dsl,True,yes,True,month-to-month,electronic check,50.5,2566.3,no
9575-iwcaz,male,False,True,True,6,True,no,True,no internet service,True,one year,mailed check,25.1,171.0,no
7105-mxjll,female,True,True,True,26,True,dsl,True,no,True,one year,mailed check,60.7,1597.4,no
7064-frrsw,male,True,True,True,48,True,fiber optic,True,no,True,one year,electronic check,99.0,4744.35,no
7940-uqqug,female,False,True,True,64,True,fiber optic,True,yes,True,one year,bank transfer (automatic),104.4,6721.6,no
0923-pnfub,female,False,True,True,3,True,fiber optic,True,no,True,month-to-month,electronic check,83.75,247.25,yes
3961-sxaxy,male,False,True,True,1,True,dsl,True,no,True,month-to-month,bank transfer (automatic),44.05,44.05,no
7010-brbuu,male,False,True,True,72,True,no,True,no internet service,True,two year,credit card (automatic),24.1,1734.65,no
3566-hjgpk,male,False,True,True,1,True,dsl,True,no,True,month-to-month,mailed check,45.55,45.55,no
3062-icyzq,female,False,True,True,51,True,fiber optic,True,no,True,month-to-month,electronic check,93.8,4539.35,no
9938-prcvk,female,False,True,True,41,True,no,True,no internet service,True,two year,bank transfer (automatic),19.7,804.25,no
0973-kyvnf,female,False,True,True,72,True,dsl,True,no,True,two year,credit card (automatic),70.65,5011.15,no
5129-hhmzc,female,False,True,True,43,True,dsl,True,yes,True,two year,credit card (automatic),86.45,3574.5,no
9637-cdtkz,male,False,True,True,72,True,fiber optic,True,yes,True,two year,credit card (automatic),114.1,8086.4,no
3946-jewrq,male,False,True,True,47,True,fiber optic,True,no,True,one year,credit card (automatic),95.2,4563.0,no
7873-cvmaw,male,False,True,True,72,True,dsl,True,yes,True,two year,credit card (automatic),88.55,6362.35,no
0463-wzzko,male,False,True,True,3,True,no,True,no internet service,True,month-to-month,credit card (automatic),20.75,67.1,no
3494-jchrq,male,False,True,True,1,True,fiber optic,True,no,True,month-to-month,electronic check,70.05,70.05,yes
6474-fvjlc,male,False,True,True,2,True,fiber optic,True,no,True,month-to-month,electronic check,86.0,165.45,yes
4524-qcssm,male,False,True,True,26,True,dsl,True,no,True,month-to-month,bank transfer (automatic),44.65,1156.55,no
5832-exgtt,male,False,True,True,29,True,dsl,True,no,True,month-to-month,mailed check,60.2,1834.15,no
8840-dqlgn,female,True,True,True,35,True,fiber optic,True,yes,True,month-to-month,bank transfer (automatic),100.5,3653.35,yes
2039-jondj,male,False,True,True,27,True,dsl,True,no,True,one year,bank transfer (automatic),55.45,1477.65,no
7217-jyhoq,male,False,True,True,24,True,dsl,True,yes,True,month-to-month,credit card (automatic),70.3,1706.45,no
6695-frvec,male,False,True,True,67,True,dsl,True,yes,True,two year,bank transfer (automatic),60.4,3953.7,no
4547-lytdd,female,False,True,True,16,True,fiber optic,True,no,True,month-to-month,electronic check,72.65,1194.3,yes
9894-qmimj,female,False,True,True,23,True,dsl,True,no,True,one year,bank transfer (automatic),55.8,1327.85,no
8069-yqqaj,male,False,True,True,14,True,dsl,True,no,True,month-to-month,mailed check,31.1,419.7,no
6770-xuagn,female,False,True,True,1,True,no,True,no internet service,True,month-to-month,electronic check,21.0,21.0,yes
4193-orfcl,female,True,True,True,1,True,dsl,True,no,True,month-to-month,mailed check,45.1,45.1,yes
1636-ntnco,male,True,True,True,4,True,dsl,True,no,True,month-to-month,credit card (automatic),50.95,207.35,no
3466-waesx,male,False,True,True,16,True,dsl,True,no,True,month-to-month,electronic check,69.1,1083.7,no
9281-pkkze,female,False,True,True,46,True,dsl,True,no,True,month-to-month,electronic check,43.95,2007.85,no
3638-vbzta,male,False,True,True,68,True,dsl,True,yes,True,two year,bank transfer (automatic),86.5,5882.75,no
7459-imvyu,male,False,True,True,38,True,dsl,True,yes,True,month-to-month,electronic check,69.95,2657.55,no
7776-qwnfx,male,True,True,True,30,True,dsl,True,no,True,month-to-month,bank transfer (automatic),50.4,1527.5,yes
6689-tczhq,female,True,True,True,5,True,fiber optic,True,no,True,month-to-month,electronic check,78.95,378.4,yes
8563-oymqy,male,False,True,True,17,True,fiber optic,True,no,True,month-to-month,credit card (automatic),90.95,1612.2,no
0754-eebdc,male,False,True,True,4,True,no,True,no internet service,True,two year,mailed check,19.9,76.65,no
5777-zpqnc,female,False,True,True,12,True,no,True,no internet service,True,one year,electronic check,20.15,260.7,no
1951-ieyxm,male,False,True,True,72,True,dsl,True,yes,True,two year,credit card (automatic),90.6,6441.85,no
3318-nmqxl,male,False,True,True,3,True,fiber optic,True,no,True,month-to-month,electronic check,92.0,266.8,no
3143-ildal,male,False,True,True,56,True,fiber optic,True,yes,True,month-to-month,electronic check,94.45,5124.6,yes
1022-rkxdr,female,False,True,True,41,True,no,True,no internet service,True,one year,mailed check,24.85,962.25,no
2361-fjwno,male,False,True,True,40,True,dsl,True,yes,True,one year,credit card (automatic),36.0,1382.9,no
2272-uoini,female,False,True,True,7,True,dsl,True,yes,True,month-to-month,electronic check,78.5,571.05,no
8232-utfoz,male,False,True,True,69,True,no,True,no internet service,True,two year,credit card (automatic),19.95,1399.35,no
3750-yhryo,male,False,True,True,7,True,no,True,no internet service,True,one year,mailed check,20.65,150.0,no
6637-kyrcv,female,False,True,True,5,True,dsl,True,no,True,month-to-month,electronic check,30.5,167.2,no
5668-meisb,female,False,True,True,72,True,fiber optic,True,yes,True,two year,credit card (automatic),106.1,7657.4,no
0129-qmpdr,male,False,True,True,44,True,no,True,no internet service,True,one year,bank transfer (automatic),20.5,865.05,no
7188-cbbba,female,False,True,True,65,True,fiber optic,True,no,True,one year,electronic check,95.5,6153.85,no
5356-csvsq,female,False,True,True,3,True,dsl,True,yes,True,month-to-month,electronic check,64.6,174.2,no
3221-cjmsg,male,False,True,True,24,True,dsl,True,yes,True,month-to-month,credit card (automatic),51.1,1269.6,no
4720-vstsi,female,False,True,True,44,True,fiber optic,True,no,True,month-to-month,bank transfer (automatic),84.8,3862.55,yes
3219-jqrsl,female,True,True,True,72,True,dsl,True,yes,True,two year,credit card (automatic),89.1,6352.4,no
2801-nisei,male,False,True,True,24,True,dsl,True,yes,True,month-to-month,electronic check,54.95,1348.5,no
3946-mhczw,male,False,True,True,1,True,dsl,True,no,True,month-to-month,mailed check,50.9,50.9,yes
4623-zkhly,male,False,True,True,22,True,no,True,no internet service,True,month-to-month,bank transfer (automatic),20.45,471.55,no
6732-vaile,male,False,True,True,70,True,dsl,True,yes,True,two year,credit card (automatic),85.95,5931.75,no
8201-aaxcb,male,False,True,True,25,True,dsl,True,no,True,month-to-month,electronic check,60.35,1404.65,no
7696-cftat,male,False,True,True,37,True,no,True,no internet service,True,two year,bank transfer (automatic),19.8,726.1,no
1845-csbrz,female,True,True,True,22,True,fiber optic,True,no,True,month-to-month,bank transfer (automatic),85.35,1961.6,no
2123-vscot,female,False,True,True,59,True,dsl,True,yes,True,two year,bank transfer (automatic),72.1,4194.85,no
6651-azvtj,male,False,True,True,49,True,fiber optic,True,no,True,month-to-month,electronic check,99.8,4872.45,yes
4566-goluk,male,False,True,True,47,True,fiber optic,True,yes,True,month-to-month,bank transfer (automatic),107.35,5118.95,yes
2484-dgxpz,female,False,True,True,31,True,no,True,no internet service,True,month-to-month,mailed check,19.55,658.95,yes
2018-qkygt,male,False,True,True,1,True,fiber optic,True,no,True,month-to-month,electronic check,81.05,81.05,no
2792-vppet,male,False,True,True,3,True,no,True,no internet service,True,month-to-month,electronic check,20.5,76.95,no
7409-jurkq,female,False,True,True,53,True,fiber optic,True,yes,True,one year,bank transfer (automatic),111.8,5809.75,no
3247-mhjkm,male,False,True,True,1,True,no,True,no internet service,True,month-to-month,mailed check,20.2,20.2,no
1964-svlea,male,False,True,True,20,True,no,True,no internet service,True,one year,mailed check,19.7,415.9,no
4587-nukox,female,False,True,True,3,True,fiber optic,True,no,True,month-to-month,electronic check,79.1,246.5,yes
7297-dvyga,female,False,True,True,51,True,no,True,no internet service,True,one year,bank transfer (automatic),19.85,996.95,no
2239-cgbuz,female,False,True,True,51,True,dsl,True,yes,True,one year,bank transfer (automatic),60.5,3145.15,no
0854-uyhzd,female,False,True,True,13,True,no,True,no internet service,True,two year,mailed check,19.55,265.3,no
7243-lcggz,female,False,True,True,1,True,no,True,no internet service,True,month-to-month,mailed check,20.9,20.9,no
8267-kfgyd,male,False,True,True,1,True,no,True,no internet service,True,month-to-month,mailed check,21.05,21.05,no
4890-vmuav,male,False,True,True,63,True,dsl,True,yes,True,one year,electronic check,71.5,4576.3,no
9261-wdcaf,male,False,True,True,3,True,dsl,True,no,True,month-to-month,mailed check,54.65,189.1,no
3764-mnmoi,male,False,True,True,46,True,no,True,no internet service,True,two year,credit card (automatic),19.2,908.15,no
7442-ygzfk,male,False,True,True,1,True,dsl,True,no,True,month-to-month,credit card (automatic),49.8,49.8,no
0420-bwtpw,male,False,True,True,8,True,dsl,True,no,True,month-to-month,mailed check,25.5,215.2,yes
8229-bujhx,female,False,True,True,71,True,no,True,no internet service,True,two year,bank transfer (automatic),20.5,1500.95,no
7449-hvpiv,male,False,True,True,55,True,fiber optic,True,no,True,month-to-month,credit card (automatic),90.4,5099.15,no
5504-wsiur,female,False,True,True,70,True,fiber optic,True,yes,True,one year,bank transfer (automatic),90.25,6385.95,no
8183-onmxc,female,False,True,True,2,True,fiber optic,True,no,True,month-to-month,electronic check,80.75,159.45,yes
8466-pzblh,male,False,True,True,67,True,fiber optic,True,yes,True,two year,bank transfer (automatic),104.6,6885.75,no
9614-rmgha,male,False,True,True,65,True,fiber optic,True,no,True,month-to-month,bank transfer (automatic),91.85,5940.85,yes
8735-ijjeg,male,False,True,True,14,True,dsl,True,no,True,month-to-month,credit card (automatic),50.2,668.85,no
0564-muuqk,female,False,True,True,20,True,fiber optic,True,yes,True,month-to-month,bank transfer (automatic),95.5,1916.2,no
5054-iexzt,male,False,True,True,1,True,fiber optic,True,no,True,month-to-month,electronic check,75.35,75.35,yes
5834-aspwa,male,False,True,True,1,True,fiber optic,True,no,True,month-to-month,electronic check,75.45,75.45,yes
0701-rfgfi,female,False,True,True,49,True,fiber optic,True,no,True,month-to-month,bank transfer (automatic),95.4,4613.95,no
0019-efaep,female,False,True,True,72,True,fiber optic,True,no,True,two year,bank transfer (automatic),101.3,7261.25,no
5619-ptmik,female,False,True,True,46,True,dsl,True,no,True,month-to-month,electronic check,53.1,2459.8,no
3737-xbqdd,male,False,True,True,24,True,fiber optic,True,no,True,month-to-month,bank transfer (automatic),84.85,2048.8,no
5882-cmazq,female,False,True,True,5,True,dsl,True,yes,True,month-to-month,electronic check,34.25,163.55,no
5846-qfdfi,female,False,True,True,33,True,fiber optic,True,yes,True,month-to-month,credit card (automatic),88.6,2888.7,no
4445-kwokw,female,False,True,True,42,True,dsl,True,no,True,one year,bank transfer (automatic),60.15,2421.6,no
3511-appbj,male,False,True,True,23,True,fiber optic,True,no,True,one year,credit card (automatic),99.95,2292.75,no
7967-hycde,male,False,True,True,8,True,fiber optic,True,no,True,month-to-month,bank transfer (automatic),70.7,553.4,no
2430-rryuw,male,False,True,True,66,True,dsl,True,no,True,one year,mailed check,54.8,3465.7,no
3948-xhgna,male,False,True,True,24,True,dsl,True,no,True,month-to-month,bank transfer (automatic),49.55,1210.4,yes
3723-bfbgr,male,True,True,True,24,True,dsl,True,no,True,month-to-month,credit card (automatic),54.8,1291.3,no
0565-iycgt,male,False,True,True,69,True,dsl,True,yes,True,one year,credit card (automatic),78.6,5356.45,yes
5447-wzafp,female,False,True,True,53,True,fiber optic,True,no,True,one year,mailed check,100.3,5200.8,no
5110-chopy,female,False,True,True,60,True,dsl,True,no,True,two year,electronic check,53.6,3237.05,no
5445-utodq,female,False,True,True,7,True,fiber optic,True,no,True,month-to-month,electronic check,81.1,576.65,yes
4425-owhwb,female,False,True,True,20,True,no,True,no internet service,True,one year,credit card (automatic),19.35,433.75,no
7892-qvykw,female,False,True,True,23,True,fiber optic,True,no,True,month-to-month,electronic check,85.6,1868.4,no
9675-icxct,male,False,True,True,72,True,dsl,True,yes,True,two year,electronic check,80.8,5728.55,no
1024-vrzhf,male,False,True,True,11,True,fiber optic,True,no,True,month-to-month,electronic check,74.95,825.7,yes
4703-mqykt,male,False,True,True,21,True,no,True,no internet service,True,two year,mailed check,19.6,390.4,no
9497-qcmms,male,True,True,True,1,True,fiber optic,True,no,True,month-to-month,electronic check,93.55,93.55,yes
5692-icxlw,male,True,True,True,31,True,fiber optic,True,no,True,month-to-month,electronic check,90.7,2845.15,no
0602-dduml,female,False,True,True,57,True,dsl,True,yes,True,two year,mailed check,69.75,3894.4,no
2208-mpxio,female,False,True,True,45,True,no,True,no internet service,True,two year,bank transfer (automatic),20.0,886.4,no
1960-uycnn,male,False,True,True,10,True,fiber optic,True,no,True,month-to-month,electronic check,95.25,1021.55,no
0348-sdkol,female,False,True,True,58,True,fiber optic,True,yes,True,month-to-month,credit card (automatic),102.1,5885.4,yes
3190-fzatl,male,False,True,True,14,True,no,True,no internet service,True,month-to-month,mailed check,19.95,268.4,no
7336-rllrh,male,False,True,True,27,True,dsl,True,yes,True,one year,mailed check,80.85,2204.35,no
4373-mavjg,female,False,True,True,14,True,fiber optic,True,no,True,month-to-month,bank transfer (automatic),90.9,1259.0,yes
8901-hjxtf,female,False,True,True,12,True,dsl,True,no,True,month-to-month,mailed check,29.2,309.1,yes
7710-jsyoa,female,False,True,True,69,True,fiber optic,True,yes,True,two year,bank transfer (automatic),93.3,6398.05,no
5419-klxbn,female,False,True,True,25,True,fiber optic,True,no,True,month-to-month,bank transfer (automatic),89.15,2257.75,yes
3424-nmnbo,male,True,True,True,58,True,fiber optic,True,no,True,one year,electronic check,108.85,6287.25,yes
9885-mfvsu,female,False,True,True,35,True,dsl,True,yes,True,two year,credit card (automatic),46.35,1662.05,no
4514-gfcfi,female,True,True,True,16,True,fiber optic,True,no,True,month-to-month,electronic check,84.75,1350.15,yes
0607-mvmgc,male,False,True,True,45,True,dsl,True,no,True,one year,credit card (automatic),78.75,3600.65,no
3365-saigs,female,False,True,True,17,True,fiber optic,True,no,True,month-to-month,electronic check,83.55,1329.15,no
9828-aoqlm,female,False,True,True,1,True,dsl,True,no,True,month-to-month,electronic check,45.7,45.7,yes
8022-becsi,male,False,True,True,22,True,no,True,no internet service,True,one year,mailed check,19.6,422.5,no
8000-reiqb,female,True,True,True,1,True,fiber optic,True,no,True,month-to-month,electronic check,69.95,69.95,yes
9993-lhieb,male,False,True,True,67,True,dsl,True,yes,True,two year,mailed check,67.85,4627.65,no
0266-clzkz,female,False,True,True,67,True,fiber optic,True,yes,True,two year,bank transfer (automatic),105.65,6717.9,no
7615-esmyf,female,False,True,True,2,True,dsl,True,no,True,month-to-month,electronic check,44.6,97.1,yes
3858-vobet,male,False,True,True,23,True,fiber optic,True,no,True,month-to-month,electronic check,74.95,1710.45,yes
7020-ozkxz,female,True,True,True,9,True,fiber optic,True,no,True,month-to-month,credit card (automatic),75.5,637.4,no
3977-qcrsl,female,False,True,True,5,True,no,True,no internet service,True,month-to-month,mailed check,20.15,117.95,no
0017-dinoc,male,False,True,True,54,True,dsl,True,yes,True,two year,credit card (automatic),45.2,2460.55,no
1447-pjgga,female,False,True,True,57,True,fiber optic,True,no,True,two year,electronic check,95.25,5464.65,yes
8565-clbzw,male,False,True,True,24,True,fiber optic,True,no,True,month-to-month,mailed check,89.85,2165.05,yes
9139-wqqdy,female,False,True,True,49,True,fiber optic,True,no,True,one year,mailed check,100.45,4941.8,yes
0224-hjapt,male,False,True,True,5,True,dsl,True,no,True,month-to-month,electronic check,47.15,223.15,yes
8086-ovpwv,male,False,True,True,2,True,fiber optic,True,no,True,month-to-month,electronic check,80.2,181.1,yes
9430-frqoc,female,False,True,True,4,True,fiber optic,True,yes,True,month-to-month,mailed check,87.1,341.45,yes
7639-oplng,male,False,True,True,70,True,dsl,True,yes,True,two year,bank transfer (automatic),79.25,5731.85,no
3074-gqwyx,male,False,True,True,5,True,fiber optic,True,no,True,month-to-month,bank transfer (automatic),75.9,357.75,yes
1492-qgclu,male,False,True,True,53,True,dsl,True,yes,True,month-to-month,electronic check,85.7,4616.1,no
6845-rgtys,female,False,True,True,47,True,fiber optic,True,no,True,month-to-month,electronic check,98.75,4533.7,yes
7328-owmom,female,False,True,True,31,True,no,True,no internet service,True,one year,credit card (automatic),20.1,589.25,no
4418-lzmsv,male,False,True,True,13,True,dsl,True,yes,True,month-to-month,bank transfer (automatic),61.8,750.1,no
5155-azqpb,female,False,True,True,28,True,dsl,True,no,True,month-to-month,mailed check,49.9,1410.25,no
8861-hggkb,female,False,True,True,10,True,fiber optic,True,no,True,month-to-month,electronic check,86.45,830.85,yes
1087-gruyi,male,False,True,True,38,True,no,True,no internet service,True,two year,bank transfer (automatic),20.4,743.5,no
7065-yunry,female,False,True,True,1,True,dsl,True,no,True,month-to-month,mailed check,45.3,45.3,yes
7694-vlbwq,male,False,True,True,67,True,fiber optic,True,no,True,one year,electronic check,104.1,7040.85,yes
2546-kzaat,male,False,True,True,52,True,dsl,True,no,True,one year,mailed check,75.4,3865.45,no
0181-ritdd,male,False,True,True,62,True,fiber optic,True,yes,True,two year,mailed check,108.15,6825.65,no
5989-pgkjb,female,False,True,True,16,True,fiber optic,True,no,True,month-to-month,electronic check,86.25,1340.1,no
4795-ktrth,female,True,True,True,5,True,fiber optic,True,no,True,month-to-month,electronic check,81.0,371.65,yes
8272-onjlv,male,False,True,True,12,True,fiber optic,True,no,True,one year,electronic check,95.7,1184.0,no
1488-pbljn,female,False,True,True,72,True,fiber optic,True,yes,True,two year,bank transfer (automatic),116.85,8477.7,no
0308-giqjt,male,True,True,True,71,True,fiber optic,True,yes,True,one year,bank transfer (automatic),105.75,7382.85,no
3778-foaqw,female,False,True,True,24,True,no,True,no internet service,True,one year,mailed check,20.15,456.85,no
4452-rohmo,female,False,True,True,15,True,no,True,no internet service,True,two year,mailed check,19.6,331.6,no
6481-ogdoo,male,False,True,True,67,True,fiber optic,True,no,True,one year,credit card (automatic),90.6,6056.15,yes
3090-letty,male,False,True,True,2,True,dsl,True,no,True,month-to-month,bank transfer (automatic),60.95,134.6,no
5349-azpew,female,False,True,True,5,True,dsl,True,no,True,month-to-month,mailed check,25.05,125.5,no
3753-tsemp,female,False,True,True,15,True,fiber optic,True,no,True,month-to-month,electronic check,88.15,1390.6,yes
8305-vhzbz,male,False,True,True,1,True,no,True,no internet service,True,month-to-month,mailed check,20.2,20.2,yes
9720-jjjor,male,False,True,True,41,True,dsl,True,no,True,one year,bank transfer (automatic),60.3,2511.3,no
8100-hzzlj,female,False,True,True,43,True,dsl,True,no,True,month-to-month,electronic check,63.95,2737.05,no
8775-erlnb,male,True,True,True,1,True,fiber optic,True,no,True,month-to-month,electronic check,74.3,74.3,no
8309-ieyjd,female,True,True,True,1,True,fiber optic,True,no,True,month-to-month,mailed check,70.6,70.6,no
9172-jitsm,female,False,True,True,26,True,fiber optic,True,no,True,month-to-month,electronic check,90.8,2361.8,yes
6298-qdfnh,male,False,True,True,22,True,fiber optic,True,no,True,month-to-month,electronic check,79.35,1730.35,yes
7398-hpyzq,male,False,True,True,71,True,dsl,True,yes,True,two year,bank transfer (automatic),90.55,6404.0,no
3546-gheae,male,False,True,True,7,True,no,True,no internet service,True,two year,mailed check,19.45,165.35,no
7361-ypxfs,female,True,True,True,28,True,dsl,True,yes,True,month-to-month,bank transfer (automatic),64.45,1867.6,no
6557-bzxlq,male,True,True,True,16,True,fiber optic,True,no,True,month-to-month,electronic check,69.65,1043.3,no
2550-qhzgp,male,False,True,True,7,True,no,True,no internet service,True,one year,mailed check,19.5,128.6,no
7519-jtwqh,female,False,True,True,69,True,fiber optic,True,yes,True,two year,bank transfer (automatic),110.5,7455.45,no
2538-oimxf,female,False,True,True,1,True,dsl,True,no,True,month-to-month,mailed check,24.7,24.7,no
8543-msdmf,male,False,True,True,3,True,dsl,True,no,True,month-to-month,electronic check,77.4,206.15,no
9961-jbnmk,male,True,True,True,21,True,fiber optic,True,no,True,month-to-month,bank transfer (automatic),96.8,2030.3,yes
1170-sasml,female,False,True,True,69,True,fiber optic,True,no,True,month-to-month,bank transfer (automatic),85.4,5869.4,no
4872-jcvca,female,False,True,True,71,True,dsl,True,yes,True,two year,bank transfer (automatic),47.6,3377.8,no
5346-bzchp,female,False,True,True,69,True,no,True,no internet service,True,two year,mailed check,19.4,1346.2,no
2038-llmlm,female,False,True,True,48,True,fiber optic,True,yes,True,month-to-month,electronic check,103.85,4946.05,no
6173-itpwd,male,False,True,True,47,True,fiber optic,True,no,True,month-to-month,bank transfer (automatic),83.35,4065.0,yes
9734-uyxqi,female,False,True,True,2,True,dsl,True,no,True,month-to-month,electronic check,49.4,106.55,yes
1216-bgtsp,male,False,True,True,45,True,fiber optic,True,yes,True,month-to-month,credit card (automatic),108.45,4964.7,no
4138-naxed,male,False,True,True,51,True,fiber optic,True,no,True,month-to-month,bank transfer (automatic),81.0,4085.75,no
2189-uxtky,female,False,True,True,22,True,dsl,True,yes,True,month-to-month,electronic check,79.2,1742.75,yes
0744-bikkf,male,False,True,True,72,True,dsl,True,yes,True,two year,bank transfer (automatic),86.65,6224.8,no
7483-iqwib,male,False,True,True,37,True,fiber optic,True,no,True,month-to-month,electronic check,92.95,3415.25,no
5248-kwlar,male,False,True,True,71,True,dsl,True,yes,True,two year,electronic check,90.35,6325.25,no
4958-gzwiy,male,False,True,True,7,True,dsl,True,no,True,month-to-month,electronic check,48.7,340.25,yes
7996-mhxlw,female,False,True,True,66,True,no,True,no internet service,True,two year,credit card (automatic),25.15,1683.6,no
7833-pkihd,male,False,True,True,51,True,dsl,True,yes,True,one year,bank transfer (automatic),76.4,3966.3,no
7061-ovmim,female,False,True,True,30,True,no,True,no internet service,True,one year,bank transfer (automatic),19.55,608.5,no
5153-rthkf,female,False,True,True,34,True,fiber optic,True,no,True,month-to-month,electronic check,85.35,2896.6,no
1852-qswcd,male,False,True,True,64,True,no,True,no internet service,True,two year,mailed check,24.8,1514.85,no
4832-vrbmr,male,True,True,True,65,True,fiber optic,True,no,True,one year,bank transfer (automatic),103.15,6792.45,no
9079-lwtfd,male,False,True,True,47,True,fiber optic,True,yes,True,month-to-month,mailed check,100.75,4669.2,no
6356-elrkd,female,False,True,True,1,True,fiber optic,True,no,True,month-to-month,electronic check,95.6,95.6,yes
8624-giout,female,False,True,True,49,True,dsl,True,no,True,month-to-month,credit card (automatic),59.75,2934.3,yes
3392-ehmnk,female,False,True,True,67,True,fiber optic,True,yes,True,two year,credit card (automatic),94.1,6302.8,no
5986-wwxdv,male,False,True,True,39,True,no,True,no internet service,True,one year,bank transfer (automatic),19.35,779.2,no
3061-bckyi,male,False,True,True,14,True,no,True,no internet service,True,month-to-month,mailed check,19.9,283.75,no
6179-gjpso,female,True,True,True,43,True,fiber optic,True,yes,True,month-to-month,credit card (automatic),108.15,4600.7,yes
7901-tbkjx,male,True,True,True,56,True,fiber optic,True,no,True,month-to-month,electronic check,101.05,5594.0,no
7228-paqpd,female,False,True,True,14,True,dsl,True,yes,True,one year,credit card (automatic),59.1,772.85,no
3177-lasxd,female,False,True,True,1,True,fiber optic,True,no,True,month-to-month,electronic check,71.35,71.35,yes
7746-qyvco,male,False,True,True,16,True,dsl,True,no,True,one year,mailed check,55.85,857.8,no
5804-hyiez,male,False,True,True,70,True,fiber optic,True,no,True,month-to-month,electronic check,106.05,7554.05,no
9919-fzded,male,True,True,True,72,True,dsl,True,no,True,two year,credit card (automatic),84.1,5981.65,no
5934-tssau,female,False,True,True,23,True,fiber optic,True,no,True,month-to-month,credit card (automatic),75.3,1702.9,no
3486-khmli,male,False,True,True,21,True,no,True,no internet service,True,month-to-month,mailed check,24.7,467.15,no
4897-qsuyc,female,False,True,True,1,True,no,True,no internet service,True,month-to-month,mailed check,20.15,20.15,yes
1084-uqchv,male,False,True,True,1,True,fiber optic,True,no,True,month-to-month,bank transfer (automatic),69.75,69.75,yes
8290-ywkhz,female,True,True,True,32,True,fiber optic,True,no,True,month-to-month,electronic check,93.2,2931.0,yes
2955-bjzhg,male,False,True,True,17,True,fiber optic,True,no,True,month-to-month,electronic check,80.85,1400.85,yes
3806-dxqom,female,False,True,True,4,True,dsl,True,no,True,month-to-month,electronic check,33.65,137.85,yes
6784-xyjae,female,False,True,True,36,True,dsl,True,no,True,one year,electronic check,55.8,1941.5,no
3933-dqpwx,female,False,True,True,50,True,dsl,True,yes,True,two year,credit card (automatic),39.7,1932.75,no
6661-eipzc,female,False,True,True,48,True,dsl,True,yes,True,month-to-month,credit card (automatic),29.5,1423.05,no
8957-thmoa,female,False,True,True,50,True,no,True,no internet service,True,two year,credit card (automatic),20.15,970.85,no
2251-pylpb,male,False,True,True,72,True,dsl,True,yes,True,two year,credit card (automatic),79.55,5810.9,no
5555-rnpgt,male,False,True,True,10,True,no,True,no internet service,True,month-to-month,credit card (automatic),24.8,223.9,no
1057-foglz,female,False,True,True,18,True,no,True,no internet service,True,month-to-month,mailed check,19.65,391.7,no
9300-rendd,male,False,True,True,1,True,fiber optic,True,no,True,month-to-month,electronic check,79.95,79.95,yes
0761-aetcs,female,False,True,True,1,True,no,True,no internet service,True,month-to-month,electronic check,19.3,19.3,yes
8087-lgyhq,male,False,True,True,9,True,fiber optic,True,no,True,month-to-month,electronic check,94.05,811.65,no
4137-btikl,male,False,True,True,2,True,fiber optic,True,no,True,month-to-month,mailed check,90.75,174.75,no
2190-bcxec,female,False,True,True,40,True,fiber optic,True,yes,True,month-to-month,credit card (automatic),78.85,3126.85,no
6227-fbdxh,male,False,True,True,69,True,fiber optic,True,no,True,one year,bank transfer (automatic),99.5,6841.45,no
2153-mrefk,female,False,True,True,37,True,fiber optic,True,yes,True,one year,electronic check,99.2,3754.6,yes
2911-wdxmv,male,False,True,True,18,True,fiber optic,True,no,True,month-to-month,credit card (automatic),80.55,1406.65,no
7206-pqbbz,male,True,True,True,11,True,fiber optic,True,no,True,month-to-month,electronic check,70.2,834.7,no
3106-ulwfw,female,False,True,True,8,True,fiber optic,True,no,True,month-to-month,credit card (automatic),85.2,627.4,yes
0925-vydlg,female,False,True,True,3,True,fiber optic,True,no,True,month-to-month,electronic check,75.25,242.0,yes
4547-fzjwe,male,False,True,True,55,True,dsl,True,no,True,one year,credit card (automatic),59.45,3157.0,no
7422-wnbty,male,False,True,True,33,True,fiber optic,True,no,True,month-to-month,electronic check,93.35,3092.0,no
0842-iwycp,female,False,True,True,46,True,dsl,True,no,True,month-to-month,bank transfer (automatic),44.95,2168.9,no
3521-htqtv,male,False,True,True,34,True,no,True,no internet service,True,two year,bank transfer (automatic),26.1,980.35,no
3744-zbhon,female,False,True,True,3,True,no,True,no internet service,True,month-to-month,electronic check,20.2,65.95,no
3373-diuun,male,False,True,True,30,True,no,True,no internet service,True,two year,mailed check,21.25,711.9,no
8383-sghju,female,False,True,True,33,True,dsl,True,yes,True,one year,electronic check,59.4,1952.8,no
7607-qkktj,male,False,True,True,45,True,fiber optic,True,no,True,one year,credit card (automatic),95.0,4368.85,no
7707-pybbh,male,False,True,True,40,True,dsl,True,yes,True,month-to-month,mailed check,61.9,2647.1,no
8984-hpemb,female,False,True,True,71,True,fiber optic,True,yes,True,two year,electronic check,118.65,8477.6,no
4349-gfqhk,male,False,True,True,1,True,dsl,True,no,True,month-to-month,electronic check,54.35,54.35,yes
4139-detxs,female,False,True,True,72,True,dsl,True,yes,True,two year,bank transfer (automatic),64.45,4528.0,no
9779-dpnej,female,False,True,True,22,True,fiber optic,True,no,True,month-to-month,electronic check,80.15,1790.65,no
9805-filkb,male,False,True,True,46,True,no,True,no internet service,True,one year,bank transfer (automatic),20.2,845.6,no
5793-yoljn,female,False,True,True,55,True,no,True,no internet service,True,two year,mailed check,21.0,1210.3,no
0673-iguqo,male,False,True,True,1,True,no,True,no internet service,True,month-to-month,mailed check,20.45,20.45,no
4123-fcvcb,female,False,True,True,12,True,dsl,True,yes,True,one year,mailed check,75.85,854.45,no
8819-imisp,male,False,True,True,31,True,fiber optic,True,no,True,month-to-month,electronic check,80.45,2429.1,no
7802-efkny,male,False,True,True,5,True,dsl,True,no,True,month-to-month,electronic check,24.95,100.4,yes
8311-ueuab,female,False,True,True,67,True,dsl,True,no,True,two year,electronic check,75.5,5229.45,no
5858-eafcz,male,False,True,True,1,True,dsl,True,no,True,month-to-month,mailed check,44.45,44.45,no
8035-buyvg,male,False,True,True,40,True,dsl,True,no,True,one year,electronic check,42.35,1716.45,yes
1163-onyey,male,False,True,True,41,True,dsl,True,no,True,month-to-month,credit card (automatic),74.55,3023.55,no
9787-xvqiu,male,False,True,True,1,True,fiber optic,True,no,True,month-to-month,electronic check,75.3,75.3,yes
8945-muquf,male,False,True,True,51,True,fiber optic,True,no,True,one year,electronic check,94.8,4837.6,yes
5656-mjefc,male,False,True,True,42,True,dsl,True,yes,True,two year,credit card (automatic),48.15,2032.3,no
6082-oqfba,male,False,True,True,23,True,no,True,no internet service,True,one year,mailed check,19.65,436.9,no
8051-hjrlt,female,True,True,True,1,True,fiber optic,True,no,True,month-to-month,electronic check,70.55,70.55,yes
8974-ovacp,female,False,True,True,1,True,no,True,no internet service,True,month-to-month,mailed check,20.15,20.15,no
4010-ylmvt,female,False,True,True,56,True,fiber optic,True,no,True,month-to-month,credit card (automatic),106.6,5893.95,no
1379-frveb,male,False,True,True,15,True,fiber optic,True,no,True,month-to-month,electronic check,91.0,1430.05,no
8612-gxidd,male,False,True,True,12,True,no,True,no internet service,True,two year,bank transfer (automatic),25.4,313.0,no
6288-chqjb,female,False,True,True,54,True,dsl,True,yes,True,two year,bank transfer (automatic),69.95,3871.85,no
8160-howox,female,False,True,True,7,True,dsl,True,no,True,month-to-month,electronic check,66.85,458.1,no
3023-gflbr,female,False,True,True,33,True,fiber optic,True,no,True,month-to-month,credit card (automatic),86.15,2745.7,yes
6648-inwps,male,False,True,True,16,True,no,True,no internet service,True,month-to-month,electronic check,20.15,341.35,no
4223-bkeor,female,False,True,True,21,True,dsl,True,no,True,one year,mailed check,64.85,1336.8,no
4079-vtglk,male,True,True,True,30,True,dsl,True,no,True,two year,electronic check,74.85,2181.75,no
1763-wqfuk,male,False,True,True,3,True,dsl,True,yes,True,month-to-month,mailed check,50.5,147.75,no
1391-ubdar,male,False,True,True,11,True,fiber optic,True,no,True,month-to-month,electronic check,72.9,818.45,no
8894-jvdcv,female,False,True,True,62,True,fiber optic,True,yes,True,one year,credit card (automatic),115.05,7133.45,no
2023-vqfdl,male,False,True,True,18,True,no,True,no internet service,True,month-to-month,electronic check,19.0,348.8,no
1345-gkdzz,male,False,True,True,6,True,no,True,no internet service,True,month-to-month,mailed check,19.55,128.6,no
2014-mkgmh,female,False,True,True,46,True,fiber optic,True,no,True,one year,electronic check,101.1,4674.4,no
5628-fcgyg,male,False,True,True,21,True,fiber optic,True,no,True,month-to-month,electronic check,84.1,1737.45,no
2560-wbwxf,male,False,True,True,68,True,no,True,no internet service,True,two year,bank transfer (automatic),24.15,1498.85,no
0248-ipdfw,female,False,True,True,1,True,dsl,True,no,True,month-to-month,electronic check,50.1,50.1,no
7978-dkuqh,female,False,True,True,25,True,fiber optic,True,no,True,month-to-month,electronic check,74.6,1797.75,no
4335-upjsi,female,False,True,True,24,True,no,True,no internet service,True,two year,mailed check,19.75,498.1,no
0524-iavzo,female,False,True,True,30,True,fiber optic,True,no,True,month-to-month,electronic check,85.0,2624.25,yes
2737-yngyw,female,False,True,True,2,True,fiber optic,True,no,True,month-to-month,electronic check,80.55,184.1,yes
1784-ezdkj,male,False,True,True,51,True,fiber optic,True,no,True,one year,bank transfer (automatic),106.8,5498.8,no
9297-fvvdh,female,False,True,True,57,True,dsl,True,yes,True,two year,electronic check,84.5,4845.4,no
8007-yypwd,female,False,True,True,15,True,no,True,no internet service,True,two year,bank transfer (automatic),25.05,369.1,no
7101-hrblj,female,False,True,True,72,True,dsl,True,yes,True,two year,bank transfer (automatic),83.7,6096.9,no
5159-yfpkq,female,False,True,True,2,True,fiber optic,True,no,True,month-to-month,electronic check,75.8,160.75,yes
6635-cpnun,male,False,True,True,28,True,fiber optic,True,no,True,month-to-month,credit card (automatic),96.6,2684.35,no
4021-rqsny,male,True,True,True,29,True,fiber optic,True,no,True,month-to-month,electronic check,98.5,3004.15,yes
5453-ybtwv,male,False,True,True,70,True,fiber optic,True,yes,True,two year,credit card (automatic),101.1,6994.8,no
5039-lzrqt,female,False,True,True,13,True,no,True,no internet service,True,one year,mailed check,20.2,273.25,no
2931-vuvjn,female,True,True,True,59,True,fiber optic,True,yes,True,one year,electronic check,94.05,5483.9,no
9061-tihda,male,True,True,True,13,True,fiber optic,True,no,True,month-to-month,electronic check,95.25,1233.65,yes
8699-asufo,male,True,True,True,7,True,fiber optic,True,no,True,month-to-month,mailed check,74.4,527.9,yes
6418-piqsp,female,False,True,True,62,True,dsl,True,yes,True,two year,mailed check,81.0,4985.9,no
8220-ocufy,female,False,True,True,21,True,dsl,True,yes,True,one year,electronic check,60.25,1258.35,no
3995-wfcsm,female,False,True,True,2,True,dsl,True,no,True,month-to-month,electronic check,60.85,111.4,no
1895-qtkdo,female,False,True,True,1,True,dsl,True,no,True,month-to-month,credit card (automatic),43.95,43.95,no
2038-oeqzh,male,False,True,True,4,True,fiber optic,True,no,True,month-to-month,electronic check,86.05,308.1,no
1178-pzgab,female,False,True,True,19,True,no,True,no internet service,True,one year,credit card (automatic),20.25,383.65,no
7927-auxbz,female,False,True,True,30,True,fiber optic,True,yes,True,month-to-month,electronic check,85.15,2555.9,yes
2626-veewg,male,False,True,True,67,True,no,True,no internet service,True,two year,credit card (automatic),19.4,1284.2,no
2878-rmwxy,male,True,True,True,72,True,fiber optic,True,no,True,two year,credit card (automatic),102.65,7550.3,no
1657-dymbm,male,False,True,True,53,True,no,True,no internet service,True,two year,credit card (automatic),19.9,1110.05,no
7311-mqjch,female,False,True,True,5,True,no,True,no internet service,True,one year,electronic check,19.55,99.6,no
7375-wmvmt,male,True,True,True,71,True,fiber optic,True,yes,True,two year,credit card (automatic),95.5,6707.15,no
1136-xgequ,female,False,True,True,50,True,dsl,True,yes,True,one year,credit card (automatic),84.15,4164.4,no
2530-fmfxo,male,False,True,True,56,True,fiber optic,True,yes,True,two year,electronic check,103.2,5873.75,no
6844-dzkrf,male,False,True,True,2,True,dsl,True,yes,True,month-to-month,credit card (automatic),50.2,109.25,no
4695-wjzue,female,True,True,True,2,True,fiber optic,True,no,True,month-to-month,electronic check,88.55,179.25,yes
7619-odsgn,male,False,True,True,24,True,dsl,True,no,True,month-to-month,electronic check,54.75,1338.15,yes
5970-ghjaw,male,False,True,True,46,True,no,True,no internet service,True,two year,credit card (automatic),19.95,862.4,no
8879-xuahx,male,False,True,True,71,True,fiber optic,True,yes,True,two year,electronic check,116.25,8564.75,no
3689-mozgr,female,False,True,True,29,True,dsl,True,yes,True,month-to-month,electronic check,31.2,926.2,no
4195-pngzs,male,False,True,True,69,True,no,True,no internet service,True,two year,bank transfer (automatic),24.45,1718.2,no
5003-xzwwo,male,False,True,True,71,True,dsl,True,yes,True,two year,credit card (automatic),84.2,5956.85,no
3988-rqixo,female,True,True,True,1,True,fiber optic,True,no,True,month-to-month,electronic check,91.3,91.3,yes
7622-fwgew,male,True,True,True,56,True,dsl,True,yes,True,two year,bank transfer (automatic),85.65,4824.45,no
6922-ncedi,male,False,True,True,56,True,no,True,no internet service,True,one year,mailed check,21.2,1238.65,no
2514-ginmm,male,False,True,True,1,True,fiber optic,True,no,True,month-to-month,electronic check,79.5,79.5,yes
9891-nqdbd,female,False,True,True,28,True,no,True,no internet service,True,one year,mailed check,25.55,672.2,no
6131-iunxn,female,False,True,True,19,True,no,True,no internet service,True,month-to-month,mailed check,20.2,382.2,no
8548-awofc,male,False,True,True,66,True,dsl,True,yes,True,month-to-month,electronic check,63.85,4264.6,no
9798-dryds,female,False,True,True,17,True,dsl,True,yes,True,one year,mailed check,61.95,1070.7,no
8532-uefwh,male,False,True,True,52,True,no,True,no internet service,True,two year,mailed check,25.75,1345.85,no
6296-ddoor,female,False,True,True,19,True,dsl,True,no,True,one year,electronic check,58.2,1045.25,no
7951-vrdvk,female,False,True,True,36,True,dsl,True,yes,True,one year,bank transfer (automatic),85.85,3003.55,no
5931-fljjf,male,True,True,True,7,True,fiber optic,True,no,True,month-to-month,mailed check,70.1,467.55,yes
4815-yosuk,male,False,True,True,72,True,fiber optic,True,yes,True,one year,credit card (automatic),104.9,7537.5,no
2659-vxmwz,male,False,True,True,67,True,fiber optic,True,no,True,one year,electronic check,111.3,7482.1,yes
0380-neavx,male,True,True,True,34,True,fiber optic,True,no,True,one year,electronic check,99.85,3343.15,no
3207-oybwh,male,True,True,True,57,True,fiber optic,True,no,True,month-to-month,bank transfer (automatic),95.25,5427.05,yes
4285-gyrqc,female,False,True,True,7,True,fiber optic,True,no,True,month-to-month,electronic check,86.25,587.1,yes
7216-ewtrs,female,True,True,True,1,True,fiber optic,True,no,True,month-to-month,electronic check,100.8,100.8,yes
4365-msdyn,male,False,True,True,8,True,no,True,no internet service,True,month-to-month,bank transfer (automatic),19.55,161.15,no
7036-tydec,female,False,True,True,69,True,fiber optic,True,yes,True,two year,electronic check,104.0,7028.5,no
5802-adbrc,female,False,True,True,50,True,fiber optic,True,no,True,one year,mailed check,104.4,5232.9,no
8076-fezkj,male,False,True,True,10,True,no,True,no internet service,True,one year,mailed check,19.5,225.85,no
5197-ypybz,female,False,True,True,12,True,no,True,no internet service,True,two year,credit card (automatic),25.25,274.7,no
8337-mssxb,female,False,True,True,14,True,fiber optic,True,no,True,month-to-month,electronic check,86.3,1180.95,yes
4312-gvynh,female,False,True,True,70,True,dsl,True,yes,True,two year,bank transfer (automatic),49.85,3370.2,no
8495-ljdfo,female,True,True,True,64,True,fiber optic,True,yes,True,month-to-month,bank transfer (automatic),108.95,7111.3,no
0839-jtcud,female,False,True,True,66,True,dsl,True,yes,True,two year,credit card (automatic),89.9,5958.85,no
5494-wozrz,female,False,True,True,71,True,dsl,True,yes,True,two year,credit card (automatic),82.0,5999.85,no
1302-uhbdd,male,True,True,True,20,True,fiber optic,True,no,True,month-to-month,electronic check,89.95,1648.45,no
2234-eofpt,male,False,True,True,72,True,dsl,True,yes,True,two year,bank transfer (automatic),79.35,5753.25,no
8619-ijndk,female,False,True,True,71,True,dsl,True,yes,True,two year,credit card (automatic),64.05,4492.9,no
8378-lkjaf,male,False,True,True,38,True,fiber optic,True,no,True,month-to-month,credit card (automatic),101.15,3956.7,no
8182-bjdsi,female,False,True,True,28,True,fiber optic,True,no,True,month-to-month,electronic check,89.95,2625.55,yes
2528-hfyzx,male,True,True,True,17,True,fiber optic,True,no,True,month-to-month,electronic check,76.45,1233.4,yes
1153-gnolc,male,False,True,True,33,True,dsl,True,no,True,one year,electronic check,39.1,1309.0,no
3298-qeica,female,False,True,True,23,True,dsl,True,yes,True,two year,mailed check,34.6,813.45,no
0788-dxbfy,male,False,True,True,58,True,no,True,no internet service,True,one year,electronic check,19.55,1108.8,no
3597-yaszg,female,True,True,True,70,True,fiber optic,True,yes,True,two year,bank transfer (automatic),104.45,7349.35,no
3496-lfszu,male,False,True,True,4,True,fiber optic,True,no,True,month-to-month,electronic check,70.5,294.2,no
5242-uowhd,male,False,True,True,45,True,no,True,no internet service,True,two year,mailed check,20.35,929.2,no
2482-czgbb,male,False,True,True,10,True,fiber optic,True,no,True,month-to-month,electronic check,70.0,740.0,yes
6479-szplm,male,False,True,True,36,True,no,True,no internet service,True,two year,credit card (automatic),19.45,754.5,no
8097-vbqtz,male,False,True,True,54,True,dsl,True,yes,True,month-to-month,mailed check,69.9,3883.3,no
4500-hkann,male,False,True,True,23,True,dsl,True,yes,True,two year,mailed check,59.7,1414.2,no
9917-kwrbe,female,False,True,True,41,True,dsl,True,no,True,one year,credit card (automatic),78.35,3211.2,no
3420-zdbma,male,True,True,True,5,True,fiber optic,True,no,True,month-to-month,mailed check,71.45,371.6,no
2212-lyask,male,False,True,True,27,True,dsl,True,no,True,one year,credit card (automatic),45.85,1246.4,no
1393-imkzg,female,False,True,True,1,True,fiber optic,True,yes,True,month-to-month,electronic check,95.85,95.85,no
8069-rhuxk,female,False,True,True,67,True,dsl,True,yes,True,two year,credit card (automatic),35.7,2545.7,no
3398-gcpmu,female,True,True,True,72,True,dsl,True,yes,True,two year,credit card (automatic),89.55,6448.85,no
2908-wgaxl,female,False,True,True,56,True,no,True,no internet service,True,two year,credit card (automatic),24.95,1468.9,no
3378-ajrao,male,False,True,True,44,True,no,True,no internet service,True,one year,electronic check,24.85,1013.6,no
1013-qcwam,female,True,True,True,66,True,fiber optic,True,no,True,month-to-month,electronic check,100.8,6690.75,no
0866-qlsir,female,False,True,True,34,True,dsl,True,yes,True,one year,mailed check,64.4,2088.75,yes
6050-ffxes,female,False,True,True,69,True,fiber optic,True,yes,True,two year,bank transfer (automatic),105.35,7240.65,no
7181-bqybv,female,False,True,True,1,True,fiber optic,True,no,True,month-to-month,electronic check,102.45,102.45,yes
0362-raoqo,female,False,True,True,40,True,no,True,no internet service,True,two year,credit card (automatic),19.65,830.25,no
9554-dfkic,male,False,True,True,30,True,dsl,True,no,True,month-to-month,bank transfer (automatic),54.45,1588.7,no
5527-achso,female,False,True,True,11,True,dsl,True,yes,True,month-to-month,mailed check,70.5,829.3,no
0829-ddvlk,female,False,True,True,15,True,no,True,no internet service,True,one year,credit card (automatic),20.1,302.45,no
1399-ubqiu,male,False,True,True,11,True,dsl,True,no,True,month-to-month,electronic check,69.35,712.25,no
1813-jlkwr,female,False,True,True,64,True,no,True,no internet service,True,one year,bank transfer (automatic),19.8,1336.65,no
0336-pikei,male,True,True,True,72,True,dsl,True,yes,True,two year,bank transfer (automatic),74.4,5360.75,no
7322-ocwhc,male,True,True,True,72,True,fiber optic,True,yes,True,two year,bank transfer (automatic),93.05,6735.05,no
9537-vhdta,female,False,True,True,1,True,dsl,True,no,True,month-to-month,mailed check,51.2,51.2,no
4957-tialw,female,False,True,True,15,True,dsl,True,yes,True,one year,credit card (automatic),65.6,1010.0,no
2054-pjock,female,False,True,True,60,True,dsl,True,yes,True,one year,credit card (automatic),80.55,4847.05,no
9150-hepmb,male,False,True,True,56,True,dsl,True,no,True,one year,mailed check,52.7,3019.7,no
9030-qgznl,female,False,True,True,8,True,no,True,no internet service,True,two year,mailed check,20.85,161.65,no
6204-ieuxj,female,False,True,True,3,True,fiber optic,True,yes,True,month-to-month,credit card (automatic),80.1,217.55,yes
3126-wqmgh,female,False,True,True,49,True,dsl,True,no,True,month-to-month,credit card (automatic),52.15,2583.75,no
4529-ckbcl,female,False,True,True,2,True,fiber optic,True,no,True,month-to-month,electronic check,80.2,146.05,yes
2506-clakw,female,False,True,True,6,True,fiber optic,True,yes,True,month-to-month,bank transfer (automatic),98.15,567.45,yes
7176-wrtnx,male,False,True,True,70,True,fiber optic,True,yes,True,two year,bank transfer (automatic),114.95,7711.25,no
1583-ihqze,male,False,True,True,12,True,fiber optic,True,yes,True,month-to-month,mailed check,112.95,1384.75,yes
5732-ikgqh,male,True,True,True,52,True,fiber optic,True,yes,True,one year,bank transfer (automatic),104.45,5481.25,no
9239-gzhze,female,False,True,True,72,True,fiber optic,True,yes,True,two year,credit card (automatic),113.65,8124.2,no
7205-baiad,female,False,True,True,40,True,no,True,no internet service,True,two year,bank transfer (automatic),20.6,827.3,no
0151-ontov,female,False,True,True,1,True,fiber optic,True,no,True,month-to-month,mailed check,70.9,70.9,yes
4140-muhug,female,True,True,True,3,True,fiber optic,True,no,True,month-to-month,electronic check,86.85,220.95,yes
0093-exyql,female,True,True,True,40,True,fiber optic,True,no,True,month-to-month,electronic check,91.55,3673.6,no
8064-ravoh,male,False,True,True,1,True,dsl,True,no,True,month-to-month,electronic check,49.85,49.85,no
0219-qaerp,male,False,True,True,30,True,no,True,no internet service,True,one year,credit card (automatic),19.8,576.65,no
0320-jdnqg,male,False,True,True,23,True,fiber optic,True,yes,True,month-to-month,electronic check,99.85,2331.3,yes
7180-pisog,male,False,True,True,1,True,fiber optic,True,no,True,month-to-month,electronic check,74.5,74.5,yes
9168-inpsz,female,True,True,True,44,True,fiber optic,True,yes,True,month-to-month,electronic check,104.15,4495.65,no
3571-rfhar,male,False,True,True,65,True,fiber optic,True,yes,True,month-to-month,electronic check,109.15,6941.2,yes
0015-uocoj,female,True,True,True,7,True,dsl,True,no,True,month-to-month,electronic check,48.2,340.35,no
5334-afqjb,male,True,True,True,72,True,no,True,no internet service,True,two year,credit card (automatic),25.1,1789.9,no
2754-sdjrd,female,True,True,True,8,True,fiber optic,True,yes,True,month-to-month,credit card (automatic),100.15,908.55,no
9578-vrmnm,female,False,True,True,16,True,dsl,True,no,True,month-to-month,credit card (automatic),65.2,1043.35,yes
1587-fklzb,male,True,True,True,66,True,fiber optic,True,no,True,month-to-month,credit card (automatic),99.5,6822.15,yes
6140-qnrqq,male,False,True,True,1,True,fiber optic,True,no,True,month-to-month,mailed check,71.55,71.55,yes
8963-jlgjt,male,False,True,True,3,True,dsl,True,no,True,month-to-month,mailed check,55.9,157.55,no
4307-ktumw,male,False,True,True,53,True,fiber optic,True,no,True,month-to-month,electronic check,93.9,5029.2,yes
1465-lntlj,male,True,True,True,8,True,dsl,True,yes,True,month-to-month,credit card (automatic),64.4,581.7,no
5440-flbqg,male,True,True,True,69,True,fiber optic,True,yes,True,two year,bank transfer (automatic),108.4,7318.2,yes
2135-dqwaq,female,False,True,True,5,True,fiber optic,True,no,True,month-to-month,mailed check,85.3,420.45,no
4056-qhxhz,female,False,True,True,72,True,fiber optic,True,yes,True,two year,mailed check,107.45,7576.7,no
7470-mcqtk,female,False,True,True,13,True,dsl,True,no,True,month-to-month,bank transfer (automatic),48.75,633.4,yes
7488-mxjiv,female,False,True,True,4,True,fiber optic,True,no,True,month-to-month,electronic check,85.65,321.65,yes
7401-jixnm,female,False,True,True,54,True,dsl,True,yes,True,two year,credit card (automatic),91.3,4965.0,no
9339-fiijl,male,False,True,True,72,True,dsl,True,yes,True,two year,bank transfer (automatic),85.95,6151.9,no
2027-feczv,male,False,True,True,12,True,fiber optic,True,no,True,month-to-month,electronic check,106.7,1253.9,yes
2672-dzuoy,male,False,True,True,1,True,dsl,True,no,True,month-to-month,electronic check,25.15,25.15,yes
4706-dgahw,male,True,True,True,1,True,dsl,True,no,True,month-to-month,electronic check,45.2,45.2,no
3870-mqamg,female,False,True,True,54,True,fiber optic,True,yes,True,one year,electronic check,110.35,5893.15,yes
6670-mfrpk,male,False,True,True,69,True,fiber optic,True,no,True,two year,credit card (automatic),79.2,5420.65,no
6177-pevra,female,False,True,True,48,True,dsl,True,no,True,two year,credit card (automatic),55.5,2627.35,no
4800-czmpc,female,False,True,True,48,True,fiber optic,True,no,True,one year,credit card (automatic),103.25,5037.55,yes
4813-hqmgz,female,False,True,True,8,True,fiber optic,True,yes,True,month-to-month,electronic check,90.25,743.75,no
7579-kkloe,male,False,True,True,71,True,dsl,True,yes,True,two year,mailed check,91.25,6589.6,no
7377-dmmri,male,False,True,True,2,True,dsl,True,no,True,month-to-month,electronic check,47.8,92.45,yes
8402-eivqs,male,False,True,True,67,True,fiber optic,True,no,True,one year,credit card (automatic),100.9,6733.15,no
4947-dsmxk,male,False,True,True,34,True,fiber optic,True,no,True,month-to-month,bank transfer (automatic),97.7,3410.0,no
7245-niiwq,female,False,True,True,3,True,fiber optic,True,no,True,month-to-month,electronic check,69.85,199.85,no
0002-orfbo,female,False,True,True,9,True,dsl,True,yes,True,one year,mailed check,65.6,593.3,no
3324-oirto,male,False,True,True,71,True,fiber optic,True,no,True,one year,bank transfer (automatic),104.65,7288.4,no
5414-ofqcb,male,False,True,True,57,True,fiber optic,True,yes,True,two year,credit card (automatic),90.45,5229.8,no
4967-wpncf,male,False,True,True,72,True,dsl,True,yes,True,two year,bank transfer (automatic),63.7,4464.8,no
8552-obvru,female,True,True,True,48,True,fiber optic,True,yes,True,month-to-month,electronic check,104.5,5068.05,no
8499-brxtd,male,False,True,True,18,True,no,True,no internet service,True,one year,mailed check,20.1,401.85,no
9154-qdgth,male,False,True,True,43,True,fiber optic,True,yes,True,one year,credit card (automatic),104.3,4451.85,no
8197-bfwvu,female,False,True,True,72,True,dsl,True,yes,True,two year,bank transfer (automatic),93.25,6688.95,no
2577-gvsil,male,False,True,True,35,True,dsl,True,yes,True,one year,bank transfer (automatic),73.45,2661.1,no
9367-oiuxp,male,False,True,True,4,True,no,True,no internet service,True,month-to-month,mailed check,20.7,73.05,no
6770-uaygj,female,False,True,True,49,True,no,True,no internet service,True,two year,mailed check,25.25,1211.65,no
6463-hhxjr,female,False,True,True,71,True,fiber optic,True,no,True,two year,bank transfer (automatic),100.5,7030.65,no
7928-vjyab,male,False,True,True,11,True,fiber optic,True,no,True,month-to-month,electronic check,90.6,1020.2,no
1187-wilmm,male,False,True,True,63,True,dsl,True,yes,True,two year,credit card (automatic),89.4,5597.65,no
9776-ojuzi,female,True,True,True,65,True,fiber optic,True,no,True,month-to-month,bank transfer (automatic),95.45,6223.3,no
1306-rpwxz,female,False,True,True,49,True,no,True,no internet service,True,two year,credit card (automatic),20.45,1024.65,no
8949-jtmay,female,False,True,True,29,True,fiber optic,True,no,True,month-to-month,credit card (automatic),98.6,2933.2,yes
2774-lvqus,female,True,True,True,15,True,fiber optic,True,yes,True,month-to-month,electronic check,83.05,1258.3,yes
3097-pywxl,female,False,True,True,4,True,no,True,no internet service,True,month-to-month,electronic check,19.95,82.9,no
2266-sjnat,female,False,True,True,72,True,fiber optic,True,yes,True,one year,credit card (automatic),109.15,7789.6,no
0869-paprp,female,True,True,True,26,True,fiber optic,True,no,True,month-to-month,credit card (automatic),85.7,2067.0,no
4238-jsswh,female,True,True,True,35,True,fiber optic,True,no,True,month-to-month,bank transfer (automatic),102.05,3452.55,no
2972-ydyuw,female,False,True,True,57,True,fiber optic,True,yes,True,one year,electronic check,94.7,5468.95,no
1104-fejam,male,False,True,True,28,True,dsl,True,no,True,month-to-month,electronic check,64.4,1802.15,no
2809-ilcyt,female,False,True,True,25,True,no,True,no internet service,True,one year,mailed check,26.8,733.55,no
5499-ecutn,female,False,True,True,47,True,dsl,True,no,True,one year,credit card (automatic),66.05,3021.45,no
4981-fltmf,female,False,True,True,57,True,dsl,True,yes,True,month-to-month,bank transfer (automatic),65.2,3687.85,no
9121-phqsr,male,True,True,True,16,True,fiber optic,True,no,True,month-to-month,credit card (automatic),85.05,1391.15,no
3113-iwhlc,male,False,True,True,5,True,dsl,True,no,True,month-to-month,mailed check,55.8,274.35,no
3211-iljtt,male,False,True,True,17,True,fiber optic,True,no,True,month-to-month,bank transfer (automatic),70.4,1214.05,yes
4612-thjbs,female,True,True,True,56,True,fiber optic,True,no,True,one year,bank transfer (automatic),104.75,5510.65,yes
4277-bwbml,male,False,True,True,72,True,no,True,no internet service,True,two year,bank transfer (automatic),19.95,1322.85,no
4094-nsedu,female,True,True,True,21,True,fiber optic,True,no,True,month-to-month,electronic check,94.25,1973.75,yes
0234-tevtt,female,False,True,True,48,True,dsl,True,no,True,one year,credit card (automatic),45.0,2196.3,no
4304-tspvk,female,False,True,True,68,True,fiber optic,True,yes,True,two year,bank transfer (automatic),114.9,7843.55,no
1552-aagrx,female,False,True,True,30,True,fiber optic,True,yes,True,month-to-month,bank transfer (automatic),106.4,3211.9,no
2637-fkfsy,female,False,True,True,3,True,dsl,True,no,True,month-to-month,mailed check,46.1,130.15,no
9796-mvyxx,female,True,True,True,14,True,dsl,True,yes,True,two year,mailed check,39.7,692.35,no
7874-ecpqj,female,False,True,True,4,True,no,True,no internet service,True,month-to-month,bank transfer (automatic),20.05,85.5,no
0020-inwck,female,False,True,True,71,True,fiber optic,True,no,True,two year,credit card (automatic),95.75,6849.4,no
7089-rkvsz,male,False,True,True,8,True,no,True,no internet service,True,one year,mailed check,24.4,203.95,no
2683-jxwqq,male,False,True,True,61,True,dsl,True,no,True,month-to-month,bank transfer (automatic),33.6,2117.2,no
9548-zmvtx,male,False,True,True,72,True,fiber optic,True,yes,True,two year,bank transfer (automatic),90.45,6565.85,no
8739-xnikg,female,False,True,True,5,True,fiber optic,True,no,True,month-to-month,electronic check,84.0,424.75,no
9755-jhnmn,female,False,True,True,49,True,dsl,True,yes,True,two year,bank transfer (automatic),67.4,3306.85,no
3981-qsvqi,male,False,True,True,8,True,no,True,no internet service,True,month-to-month,bank transfer (automatic),19.7,168.9,no
2789-hqbou,male,False,True,True,3,True,fiber optic,True,no,True,month-to-month,electronic check,80.35,253.8,no
9424-cmpog,male,False,True,True,9,True,no,True,no internet service,True,two year,mailed check,19.6,197.4,no
5067-wjeun,male,False,True,True,67,True,dsl,True,no,True,two year,bank transfer (automatic),54.2,3838.2,no
3450-wxoat,male,False,True,True,46,True,dsl,True,no,True,month-to-month,credit card (automatic),45.2,2065.15,no
9251-wnsod,female,False,True,True,67,True,dsl,True,no,True,one year,mailed check,75.1,5064.45,no
6974-dafli,female,False,True,True,55,True,no,True,no internet service,True,one year,electronic check,19.7,1140.05,no
2616-uutfk,male,False,True,True,33,True,dsl,True,no,True,month-to-month,bank transfer (automatic),72.75,2447.45,no
7064-jhxce,male,False,True,True,62,True,no,True,no internet service,True,two year,credit card (automatic),20.05,1263.9,no
5103-mhmhy,female,False,True,True,1,True,dsl,True,no,True,month-to-month,mailed check,45.95,45.95,yes
7989-awgeh,male,False,True,True,49,True,dsl,True,no,True,month-to-month,electronic check,39.2,1838.15,no
4373-vvhql,male,False,True,True,1,True,dsl,True,no,True,month-to-month,electronic check,44.75,44.75,no
4559-uwiht,male,False,True,True,14,True,fiber optic,True,no,True,month-to-month,electronic check,82.65,1185.0,no
7268-igmfd,male,True,True,True,18,True,fiber optic,True,yes,True,month-to-month,bank transfer (automatic),93.9,1743.9,no
1846-xwoqn,female,True,True,True,1,True,fiber optic,True,no,True,month-to-month,electronic check,70.15,70.15,yes
0235-kgslc,female,False,True,True,1,True,fiber optic,True,no,True,month-to-month,credit card (automatic),85.55,85.55,yes
6650-bwfrt,female,False,True,True,72,True,fiber optic,True,yes,True,two year,credit card (automatic),117.15,8529.5,no
9570-kyeua,male,False,True,True,64,True,fiber optic,True,yes,True,two year,credit card (automatic),99.25,6549.45,no
6993-ygfjv,male,False,True,True,69,True,fiber optic,True,yes,True,two year,bank transfer (automatic),112.55,7806.5,no
2712-syway,female,False,True,True,1,True,no,True,no internet service,True,month-to-month,electronic check,25.7,25.7,no
0730-bgqgf,male,False,True,True,71,True,dsl,True,yes,True,two year,credit card (automatic),90.3,6287.3,no
5498-ibwpi,female,False,True,True,66,True,dsl,True,yes,True,one year,credit card (automatic),49.4,3251.85,no
9101-ntixf,male,False,True,True,2,True,no,True,no internet service,True,month-to-month,mailed check,19.4,50.6,no
0013-smeoe,female,True,True,True,71,True,fiber optic,True,yes,True,two year,bank transfer (automatic),109.7,7904.25,no
9314-qdmdw,male,False,True,True,11,True,dsl,True,no,True,one year,electronic check,61.25,729.95,no
9308-anmve,male,False,True,True,47,True,dsl,True,no,True,month-to-month,electronic check,55.3,2654.05,no
2884-gbpfb,female,False,True,True,35,True,fiber optic,True,no,True,month-to-month,electronic check,70.3,2416.55,yes
3757-njybx,male,True,True,True,32,True,fiber optic,True,no,True,month-to-month,bank transfer (automatic),106.35,3520.75,yes
3413-dhlpb,male,False,True,True,60,True,fiber optic,True,yes,True,month-to-month,bank transfer (automatic),103.75,5969.95,no
7649-phjvr,male,False,True,True,11,True,no,True,no internet service,True,one year,mailed check,19.5,226.8,no
6114-tcfid,female,False,True,True,29,True,dsl,True,yes,True,one year,credit card (automatic),39.5,1082.75,no
3787-trial,male,False,True,True,21,True,dsl,True,no,True,month-to-month,electronic check,26.05,565.75,no
2573-gyruu,male,True,True,True,48,True,fiber optic,True,no,True,month-to-month,credit card (automatic),91.05,4370.75,no
5156-umkow,female,False,True,True,3,True,dsl,True,no,True,month-to-month,mailed check,29.65,90.05,no
1247-qbvsh,female,False,True,True,43,True,dsl,True,no,True,month-to-month,mailed check,50.2,2169.4,no
6734-gmpvk,male,False,True,True,5,True,fiber optic,True,no,True,month-to-month,electronic check,105.3,550.6,no
9822-oaovb,female,False,True,True,1,True,dsl,True,no,True,month-to-month,electronic check,55.45,55.45,no
6161-erdgd,male,False,True,True,71,True,dsl,True,yes,True,one year,electronic check,85.45,6300.85,no
1226-jznkr,female,False,True,True,8,True,no,True,no internet service,True,one year,electronic check,19.8,160.05,no
7318-eivko,male,False,True,True,8,True,dsl,True,no,True,month-to-month,electronic check,59.25,436.6,no
3771-pzobw,male,False,True,True,20,True,fiber optic,True,no,True,month-to-month,credit card (automatic),90.7,1781.35,no
5136-kckgi,female,False,True,True,33,True,fiber optic,True,no,True,one year,mailed check,103.7,3467.0,yes
8231-bswxx,male,False,True,True,71,True,fiber optic,True,no,True,one year,credit card (automatic),79.05,5552.5,no
6486-lhtma,female,True,True,True,31,True,fiber optic,True,no,True,one year,electronic check,90.7,2835.5,no
4083-bfnyk,female,True,True,True,38,True,fiber optic,True,no,True,one year,credit card (automatic),95.0,3591.25,no
3722-wpxtk,male,False,True,True,1,True,fiber optic,True,no,True,month-to-month,electronic check,88.35,88.35,yes
7389-kbfit,female,False,True,True,2,True,dsl,True,no,True,month-to-month,mailed check,30.25,63.75,no
7176-wionm,female,False,True,True,12,True,dsl,True,no,True,month-to-month,bank transfer (automatic),49.85,617.15,no
5141-zuvbh,female,False,True,True,9,True,fiber optic,True,yes,True,month-to-month,bank transfer (automatic),93.0,870.25,no
1089-hdmkp,male,True,True,True,11,True,dsl,True,yes,True,month-to-month,electronic check,54.55,601.25,no
7623-hkyrk,male,False,True,True,6,True,no,True,no internet service,True,month-to-month,mailed check,19.7,111.65,no
0310-sucin,female,False,True,True,71,True,dsl,True,yes,True,one year,bank transfer (automatic),84.8,6046.1,no
5197-pyepu,female,False,True,True,42,True,fiber optic,True,no,True,one year,credit card (automatic),94.45,3923.8,no
2929-ercfz,female,False,True,True,8,True,fiber optic,True,no,True,month-to-month,electronic check,94.2,777.3,yes
7548-sepyi,female,False,True,True,5,True,fiber optic,True,no,True,month-to-month,electronic check,96.25,512.45,yes
8835-vsdse,female,False,True,True,2,True,fiber optic,True,no,True,month-to-month,electronic check,70.7,141.45,yes
6619-rplqz,female,False,True,True,45,True,no,True,no internet service,True,two year,mailed check,20.85,892.15,no
3275-rhrne,male,False,True,True,28,True,dsl,True,yes,True,one year,credit card (automatic),60.0,1682.05,no
3503-tyday,female,False,True,True,43,True,fiber optic,True,no,True,month-to-month,electronic check,80.45,3398.9,no
6901-gogzg,male,False,True,True,60,True,dsl,True,yes,True,two year,electronic check,84.95,4984.85,no
1623-nldot,female,False,True,True,42,True,dsl,True,yes,True,one year,mailed check,33.55,1445.3,yes
7021-xsnye,male,False,True,True,7,True,dsl,True,yes,True,two year,credit card (automatic),49.65,305.55,no
9621-oupyd,female,False,True,True,25,True,no,True,no internet service,True,one year,bank transfer (automatic),20.2,507.9,no
9898-kzqdz,female,True,True,True,40,True,fiber optic,True,no,True,month-to-month,credit card (automatic),94.55,3640.45,yes
8982-nhavy,male,False,True,True,27,True,fiber optic,True,no,True,one year,bank transfer (automatic),100.5,2673.45,no
4307-kwmxe,male,False,True,True,10,True,dsl,True,yes,True,month-to-month,electronic check,35.75,389.8,no
0141-yeays,female,True,True,True,27,True,fiber optic,True,no,True,month-to-month,bank transfer (automatic),86.45,2401.05,no
2450-zkeed,female,False,True,True,11,True,dsl,True,yes,True,one year,bank transfer (automatic),53.8,651.55,no
3694-delso,male,False,True,True,4,True,dsl,True,no,True,month-to-month,credit card (automatic),38.55,156.1,no
3893-jrnfs,male,False,True,True,68,True,dsl,True,no,True,month-to-month,bank transfer (automatic),39.9,2796.35,no
9603-oaihc,male,True,True,True,1,True,fiber optic,True,no,True,month-to-month,electronic check,70.05,70.05,no
1133-kxcge,female,False,True,True,18,True,no,True,no internet service,True,one year,mailed check,20.1,407.05,no
5236-perkl,female,False,True,True,57,True,fiber optic,True,no,True,two year,bank transfer (automatic),112.95,6465.0,yes
0142-gvysn,male,False,True,True,26,True,no,True,no internet service,True,month-to-month,electronic check,20.3,511.25,no
1049-fysyg,female,False,True,True,17,True,dsl,True,no,True,month-to-month,credit card (automatic),35.65,646.05,no
7854-foksf,male,False,True,True,1,True,dsl,True,no,True,month-to-month,electronic check,35.9,35.9,yes
2519-fakod,male,False,True,True,38,True,fiber optic,True,no,True,month-to-month,bank transfer (automatic),99.25,3777.15,yes
8406-lnmhf,male,True,True,True,59,True,fiber optic,True,no,True,one year,credit card (automatic),82.95,4903.15,no
1821-bucwy,male,False,True,True,30,True,dsl,True,no,True,two year,mailed check,55.65,1653.85,no
8263-jqaik,male,True,True,True,2,True,dsl,True,no,True,month-to-month,mailed check,24.45,47.5,yes
0023-uyupn,female,True,True,True,50,True,no,True,no internet service,True,one year,electronic check,25.2,1306.3,no
8314-dpqhl,male,False,True,True,9,True,dsl,True,yes,True,one year,mailed check,50.8,463.6,no
1465-wczvt,female,False,True,True,3,True,no,True,no internet service,True,month-to-month,mailed check,19.65,60.65,no
9481-sfcqy,female,False,True,True,14,True,dsl,True,no,True,month-to-month,credit card (automatic),59.8,824.85,no
6360-svnwv,female,True,True,True,31,True,fiber optic,True,no,True,month-to-month,credit card (automatic),73.55,2094.65,no
0567-ggcac,female,False,True,True,7,True,dsl,True,no,True,month-to-month,electronic check,61.4,438.9,no
7089-ivvaz,female,False,True,True,8,True,fiber optic,True,yes,True,month-to-month,bank transfer (automatic),103.35,847.3,yes
8884-mrnsu,male,False,True,True,17,True,no,True,no internet service,True,one year,bank transfer (automatic),19.9,329.75,no
2171-udmfd,male,False,True,True,32,True,no,True,no internet service,True,month-to-month,credit card (automatic),19.45,674.55,no
9050-ikdza,female,True,True,True,2,True,fiber optic,True,no,True,month-to-month,mailed check,81.5,162.55,no
2205-ymzzj,male,True,True,True,7,True,fiber optic,True,no,True,month-to-month,electronic check,84.8,546.95,yes
9802-caqut,female,False,True,True,72,True,fiber optic,True,no,True,two year,credit card (automatic),109.55,7887.25,no
1254-izeyf,female,True,True,True,31,True,fiber optic,True,no,True,month-to-month,electronic check,99.95,3186.65,yes
0187-wznab,female,False,True,True,27,True,fiber optic,True,no,True,month-to-month,mailed check,74.4,1972.35,no
9492-tokri,female,False,True,True,18,True,fiber optic,True,no,True,month-to-month,credit card (automatic),90.0,1527.35,yes
1475-vwvdo,male,False,True,True,7,True,fiber optic,True,no,True,month-to-month,electronic check,74.9,490.55,no
9221-otivj,female,True,True,True,14,True,fiber optic,True,no,True,month-to-month,electronic check,104.85,1531.4,yes
1357-mvdoz,male,False,True,True,11,True,dsl,True,no,True,month-to-month,bank transfer (automatic),59.65,683.25,no
7602-mvrmb,female,False,True,True,72,True,fiber optic,True,yes,True,two year,bank transfer (automatic),110.45,8058.85,no
3325-fuycg,male,False,True,True,28,True,fiber optic,True,no,True,one year,electronic check,106.1,2847.4,yes
5908-qmgoe,male,True,True,True,15,True,fiber optic,True,no,True,month-to-month,credit card (automatic),74.2,1133.9,yes
1197-bvmvg,female,True,True,True,4,True,fiber optic,True,no,True,month-to-month,electronic check,74.45,294.45,no
5406-kgrmx,female,False,True,True,71,True,no,True,no internet service,True,two year,electronic check,24.55,1719.15,no
8481-yyxwg,female,False,True,True,5,True,fiber optic,True,yes,True,month-to-month,electronic check,89.35,461.7,yes
5968-hyjrz,male,False,True,True,47,True,no,True,no internet service,True,two year,mailed check,24.55,1160.45,no
5198-efnbm,male,True,True,True,57,True,fiber optic,True,no,True,one year,electronic check,90.65,5199.8,no
7516-gmhuv,male,True,True,True,50,True,fiber optic,True,no,True,two year,credit card (automatic),105.05,5163.3,no
7140-adsmj,male,False,True,True,8,True,no,True,no internet service,True,month-to-month,credit card (automatic),20.45,162.3,no
2230-xtuwl,female,False,True,True,48,True,no,True,no internet service,True,two year,mailed check,19.55,883.35,no
7706-ylmqa,female,False,True,True,70,True,no,True,no internet service,True,one year,bank transfer (automatic),19.7,1341.5,no
2585-ktfre,male,False,True,True,1,True,dsl,True,yes,True,month-to-month,bank transfer (automatic),70.45,70.45,no
7994-uyivz,male,False,True,True,8,True,fiber optic,True,no,True,month-to-month,bank transfer (automatic),85.65,659.45,no
2609-iaicy,female,False,True,True,1,True,fiber optic,True,no,True,month-to-month,electronic check,77.15,77.15,yes
1740-csdjp,male,False,True,True,1,True,dsl,True,no,True,month-to-month,bank transfer (automatic),35.25,35.25,yes
7717-bicxi,male,False,True,True,60,True,no,True,no internet service,True,two year,mailed check,20.55,1205.05,no
6559-rakoz,male,False,True,True,49,True,fiber optic,True,yes,True,one year,electronic check,97.95,4917.9,no
2636-ohfmn,male,False,True,True,4,True,dsl,True,no,True,month-to-month,electronic check,48.55,201.0,yes
4716-mrven,female,False,True,True,29,True,no,True,no internet service,True,one year,mailed check,20.0,599.3,no
2143-ljult,female,False,True,True,67,True,no,True,no internet service,True,two year,credit card (automatic),25.25,1733.15,no
1323-ooepc,female,False,True,True,53,True,fiber optic,True,no,True,month-to-month,credit card (automatic),98.4,5149.5,yes
3200-mnqtf,male,False,True,True,67,True,dsl,True,yes,True,two year,credit card (automatic),70.9,4677.1,no
6164-hxugh,female,False,True,True,6,True,no,True,no internet service,True,month-to-month,mailed check,19.85,119.3,no
5630-ixdxv,female,False,True,True,47,True,fiber optic,True,no,True,month-to-month,electronic check,106.35,4849.1,no
0320-dwvtu,female,False,True,True,53,True,fiber optic,True,yes,True,two year,mailed check,99.5,5424.25,no
9135-mgvpy,male,False,True,True,69,True,dsl,True,yes,True,two year,mailed check,84.7,5878.9,no
1212-glhmd,male,False,True,True,3,True,fiber optic,True,no,True,month-to-month,mailed check,86.05,244.85,no
7878-jgdkk,male,False,True,True,4,True,dsl,True,no,True,month-to-month,mailed check,44.55,220.75,no
1088-auuzz,male,False,True,True,56,True,dsl,True,yes,True,two year,credit card (automatic),75.85,4261.2,no
0397-gzbbc,male,True,True,True,59,True,fiber optic,True,no,True,month-to-month,bank transfer (automatic),93.85,5574.75,yes
6614-ywysc,male,True,True,True,61,True,no,True,no internet service,True,two year,bank transfer (automatic),25.0,1501.75,no
9588-ozdmq,female,False,True,True,2,True,dsl,True,no,True,month-to-month,electronic check,45.0,89.75,no
7641-euyet,male,True,True,True,46,True,fiber optic,True,no,True,month-to-month,electronic check,100.7,4541.2,yes
6476-epyzr,male,False,True,True,12,True,no,True,no internet service,True,month-to-month,mailed check,20.5,255.5,no
9921-zvrhg,female,False,True,True,14,True,fiber optic,True,no,True,month-to-month,electronic check,80.45,1072.0,yes
1174-fgifn,female,False,True,True,28,True,fiber optic,True,yes,True,one year,electronic check,90.45,2509.25,no
6620-hvduj,male,False,True,True,24,True,dsl,True,yes,True,month-to-month,bank transfer (automatic),60.45,1440.75,no
4701-mljpn,male,False,True,True,31,True,dsl,True,yes,True,month-to-month,electronic check,55.25,1715.65,yes
1032-maelw,female,False,True,True,68,True,dsl,True,yes,True,one year,electronic check,78.45,5333.35,no
7641-tqfhn,male,False,True,True,39,True,fiber optic,True,yes,True,two year,mailed check,100.55,3895.35,no
1552-tkmxs,female,False,True,True,42,True,no,True,no internet service,True,month-to-month,credit card (automatic),20.35,869.9,no
9206-gvpeq,male,False,True,True,13,True,dsl,True,yes,True,month-to-month,electronic check,54.45,706.85,yes
8622-zlfko,female,False,True,True,6,True,fiber optic,True,no,True,month-to-month,electronic check,90.75,512.25,no
1596-bbvtg,male,False,True,True,35,True,fiber optic,True,no,True,month-to-month,credit card (automatic),75.35,2636.05,yes
6188-uxbbr,female,False,True,True,38,True,no,True,no internet service,True,one year,credit card (automatic),20.25,814.75,no
2333-kweww,male,False,True,True,18,True,no,True,no internet service,True,two year,credit card (automatic),20.05,388.6,no
5702-skuob,female,False,True,True,4,True,no,True,no internet service,True,month-to-month,mailed check,19.6,93.45,no
1134-ywtyf,male,False,True,True,27,True,dsl,True,yes,True,month-to-month,electronic check,53.8,1389.85,no
6061-gwwav,male,False,True,True,41,True,dsl,True,no,True,one year,mailed check,70.2,2894.55,no
